/*
SQLyog Community v13.1.6 (64 bit)
MySQL - 8.0.20 : Database - huike
*********************************************************************
*/

/*!40101 SET NAMES utf8 */;

/*!40101 SET SQL_MODE=''*/;

/*!40014 SET @OLD_UNIQUE_CHECKS=@@UNIQUE_CHECKS, UNIQUE_CHECKS=0 */;
/*!40014 SET @OLD_FOREIGN_KEY_CHECKS=@@FOREIGN_KEY_CHECKS, FOREIGN_KEY_CHECKS=0 */;
/*!40101 SET @OLD_SQL_MODE=@@SQL_MODE, SQL_MODE='NO_AUTO_VALUE_ON_ZERO' */;
/*!40111 SET @OLD_SQL_NOTES=@@SQL_NOTES, SQL_NOTES=0 */;
CREATE DATABASE /*!32312 IF NOT EXISTS*/`huike` /*!40100 DEFAULT CHARACTER SET utf8mb4 COLLATE utf8mb4_unicode_ci */ /*!80016 DEFAULT ENCRYPTION='N' */;

USE `huike`;

/*Table structure for table `mybatis_review` */

DROP TABLE IF EXISTS `mybatis_review`;

CREATE TABLE `mybatis_review` (
  `id` bigint NOT NULL AUTO_INCREMENT COMMENT 'id主键',
  `name` varchar(20) CHARACTER SET utf8mb4 COLLATE utf8mb4_unicode_ci NOT NULL COMMENT '姓名',
  `age` int NOT NULL COMMENT '年龄',
  `sex` varchar(2) CHARACTER SET utf8mb4 COLLATE utf8mb4_unicode_ci NOT NULL DEFAULT '男' COMMENT '性别',
  `create_by` varchar(100) CHARACTER SET utf8mb4 COLLATE utf8mb4_unicode_ci NOT NULL DEFAULT '1' COMMENT '创建人',
  `create_time` timestamp NOT NULL DEFAULT CURRENT_TIMESTAMP COMMENT '创建时间',
  `update_user` varchar(100) CHARACTER SET utf8mb4 COLLATE utf8mb4_unicode_ci NOT NULL DEFAULT '1' COMMENT '修改人',
  `update_time` timestamp NOT NULL DEFAULT CURRENT_TIMESTAMP COMMENT '修改时间',
  PRIMARY KEY (`id`)
) ENGINE=InnoDB AUTO_INCREMENT=24 DEFAULT CHARSET=utf8mb4 COLLATE=utf8mb4_unicode_ci;

/*Data for the table `mybatis_review` */

insert  into `mybatis_review`(`id`,`name`,`age`,`sex`,`create_by`,`create_time`,`update_user`,`update_time`) values 
(1,'张三',18,'男','1','2022-04-17 18:53:09','1','2022-04-17 18:53:09'),
(2,'李四',19,'男','1','2022-04-17 18:53:09','1','2022-04-17 18:53:09'),
(4,'王五',20,'男','1','2022-04-17 18:53:09','1','2022-04-17 18:53:09'),
(5,'赵六',21,'男','1','2022-04-17 18:53:09','1','2022-04-17 18:53:09'),
(6,'孙七',22,'女','1','2022-04-17 18:53:09','1','2022-04-17 18:53:09'),
(7,'周八',23,'女','1','2022-04-17 18:53:09','1','2022-04-17 18:53:09'),
(8,'吴九',24,'女','1','2022-04-17 18:53:09','1','2022-04-17 18:53:09'),
(9,'郑十',25,'女','1','2022-04-17 18:53:09','1','2022-04-17 18:53:09'),
(10,'刘一',17,'女','1','2022-04-17 18:53:09','1','2022-04-17 18:53:09'),
(11,'陈二',16,'女','1','2022-04-17 18:53:09','1','2022-04-17 18:53:09'),
(18,'吴思远',18,'男','1','2022-04-17 23:42:26','1','2022-04-17 23:42:26'),
(19,'吴思远',18,'女','1','2022-04-17 23:52:10','1','2022-04-17 23:52:10'),
(21,'吴思远',18,'女','1','2022-04-18 00:14:12','1','2022-04-18 00:14:12'),
(22,'吴思远',18,'男','1','2022-04-18 18:27:24','1','2022-04-18 18:27:24'),
(23,'吴思远',18,'女','1','2022-04-18 18:27:30','1','2022-04-18 18:27:30');

/*Table structure for table `sys_config` */

DROP TABLE IF EXISTS `sys_config`;

CREATE TABLE `sys_config` (
  `config_id` int NOT NULL AUTO_INCREMENT COMMENT '参数主键',
  `config_name` varchar(100) CHARACTER SET utf8 COLLATE utf8_bin DEFAULT '' COMMENT '参数名称',
  `config_key` varchar(100) CHARACTER SET utf8 COLLATE utf8_bin DEFAULT '' COMMENT '参数键名',
  `config_value` varchar(500) CHARACTER SET utf8 COLLATE utf8_bin DEFAULT '' COMMENT '参数键值',
  `config_type` char(1) CHARACTER SET utf8 COLLATE utf8_bin DEFAULT 'N' COMMENT '系统内置（Y是 N否）',
  `create_by` varchar(64) CHARACTER SET utf8 COLLATE utf8_bin DEFAULT '' COMMENT '创建者',
  `create_time` datetime DEFAULT NULL COMMENT '创建时间',
  `update_by` varchar(64) CHARACTER SET utf8 COLLATE utf8_bin DEFAULT '' COMMENT '更新者',
  `update_time` datetime DEFAULT NULL COMMENT '更新时间',
  `remark` varchar(500) CHARACTER SET utf8 COLLATE utf8_bin DEFAULT NULL COMMENT '备注',
  PRIMARY KEY (`config_id`)
) ENGINE=InnoDB AUTO_INCREMENT=100 DEFAULT CHARSET=utf8 COLLATE=utf8_bin COMMENT='参数配置表';

/*Data for the table `sys_config` */

insert  into `sys_config`(`config_id`,`config_name`,`config_key`,`config_value`,`config_type`,`create_by`,`create_time`,`update_by`,`update_time`,`remark`) values 
(1,'主框架页-默认皮肤样式名称','sys.index.skinName','skin-blue','Y','admin','2021-03-31 03:12:17','',NULL,'蓝色 skin-blue、绿色 skin-green、紫色 skin-purple、红色 skin-red、黄色 skin-yellow'),
(2,'用户管理-账号初始密码','sys.user.initPassword','123456','Y','admin','2021-03-31 03:12:17','',NULL,'初始化密码 123456'),
(3,'主框架页-侧边栏主题','sys.index.sideTheme','theme-dark','Y','admin','2021-03-31 03:12:17','',NULL,'深色主题theme-dark，浅色主题theme-light');

/*Table structure for table `sys_dept` */

DROP TABLE IF EXISTS `sys_dept`;

CREATE TABLE `sys_dept` (
  `dept_id` bigint NOT NULL AUTO_INCREMENT COMMENT '部门id',
  `parent_id` bigint DEFAULT '0' COMMENT '父部门id',
  `ancestors` varchar(50) CHARACTER SET utf8 COLLATE utf8_bin DEFAULT '' COMMENT '祖级列表',
  `dept_name` varchar(30) CHARACTER SET utf8 COLLATE utf8_bin DEFAULT '' COMMENT '部门名称',
  `order_num` int DEFAULT '0' COMMENT '显示顺序',
  `leader` varchar(20) CHARACTER SET utf8 COLLATE utf8_bin DEFAULT NULL COMMENT '负责人',
  `phone` varchar(11) CHARACTER SET utf8 COLLATE utf8_bin DEFAULT NULL COMMENT '联系电话',
  `email` varchar(50) CHARACTER SET utf8 COLLATE utf8_bin DEFAULT NULL COMMENT '邮箱',
  `status` char(1) CHARACTER SET utf8 COLLATE utf8_bin DEFAULT '0' COMMENT '部门状态（0正常 1停用）',
  `del_flag` char(1) CHARACTER SET utf8 COLLATE utf8_bin DEFAULT '0' COMMENT '删除标志（0代表存在 2代表删除）',
  `create_by` varchar(64) CHARACTER SET utf8 COLLATE utf8_bin DEFAULT '' COMMENT '创建者',
  `create_time` datetime DEFAULT NULL COMMENT '创建时间',
  `update_by` varchar(64) CHARACTER SET utf8 COLLATE utf8_bin DEFAULT '' COMMENT '更新者',
  `update_time` datetime DEFAULT NULL COMMENT '更新时间',
  PRIMARY KEY (`dept_id`)
) ENGINE=InnoDB AUTO_INCREMENT=217 DEFAULT CHARSET=utf8 COLLATE=utf8_bin COMMENT='部门表';

/*Data for the table `sys_dept` */

insert  into `sys_dept`(`dept_id`,`parent_id`,`ancestors`,`dept_name`,`order_num`,`leader`,`phone`,`email`,`status`,`del_flag`,`create_by`,`create_time`,`update_by`,`update_time`) values 
(100,0,'0','客达管家',0,'李峰','15888888888','lifeng@qq.com','0','0','admin','2021-03-31 03:12:09','admin','2022-04-18 10:54:38'),
(101,100,'0,100','北京总公司',1,'李峰','15888888888','lifeng@qq.com','0','0','admin','2021-03-31 03:12:09','admin','2022-04-18 10:52:31'),
(103,101,'0,100,101','研发部门',2,'李峰','15888888888','lifeng@qq.com','0','0','admin','2021-03-31 03:12:09','admin','2022-04-18 10:52:30'),
(214,100,'0,100','销售部门',3,'张三','15011111111','511111111@qq.com','0','0','admin','2021-11-23 15:48:25','admin','2022-04-18 10:52:34'),
(215,214,'0,100,214','市场部（线索）',4,'张三','15777777777','zhangsan@qq.com','0','0','admin','2022-04-18 10:51:50','',NULL),
(216,214,'0,100,214','销售部（商机）',5,'李四','15666666666','lisi@qq.com','0','0','admin','2022-04-18 10:52:25','',NULL);

/*Table structure for table `sys_dict_data` */

DROP TABLE IF EXISTS `sys_dict_data`;

CREATE TABLE `sys_dict_data` (
  `dict_code` bigint NOT NULL AUTO_INCREMENT COMMENT '字典编码',
  `dict_sort` int DEFAULT '0' COMMENT '字典排序',
  `dict_label` varchar(100) CHARACTER SET utf8 COLLATE utf8_bin DEFAULT '' COMMENT '字典标签',
  `dict_value` varchar(100) CHARACTER SET utf8 COLLATE utf8_bin DEFAULT '' COMMENT '字典键值',
  `dict_type` varchar(100) CHARACTER SET utf8 COLLATE utf8_bin DEFAULT '' COMMENT '字典类型',
  `css_class` varchar(100) CHARACTER SET utf8 COLLATE utf8_bin DEFAULT NULL COMMENT '样式属性（其他样式扩展）',
  `list_class` varchar(100) CHARACTER SET utf8 COLLATE utf8_bin DEFAULT NULL COMMENT '表格回显样式',
  `is_default` char(1) CHARACTER SET utf8 COLLATE utf8_bin DEFAULT 'N' COMMENT '是否默认（Y是 N否）',
  `status` char(1) CHARACTER SET utf8 COLLATE utf8_bin DEFAULT '0' COMMENT '状态（0正常 1停用）',
  `create_by` varchar(64) CHARACTER SET utf8 COLLATE utf8_bin DEFAULT '' COMMENT '创建者',
  `create_time` datetime DEFAULT NULL COMMENT '创建时间',
  `update_by` varchar(64) CHARACTER SET utf8 COLLATE utf8_bin DEFAULT '' COMMENT '更新者',
  `update_time` datetime DEFAULT NULL COMMENT '更新时间',
  `remark` varchar(500) CHARACTER SET utf8 COLLATE utf8_bin DEFAULT NULL COMMENT '备注',
  PRIMARY KEY (`dict_code`)
) ENGINE=InnoDB AUTO_INCREMENT=234 DEFAULT CHARSET=utf8 COLLATE=utf8_bin COMMENT='字典数据表';

/*Data for the table `sys_dict_data` */

insert  into `sys_dict_data`(`dict_code`,`dict_sort`,`dict_label`,`dict_value`,`dict_type`,`css_class`,`list_class`,`is_default`,`status`,`create_by`,`create_time`,`update_by`,`update_time`,`remark`) values 
(1,1,'男','0','sys_user_sex','','','Y','0','admin','2021-03-31 03:12:16','',NULL,'性别男'),
(2,2,'女','1','sys_user_sex','','','N','0','admin','2021-03-31 03:12:16','',NULL,'性别女'),
(4,1,'显示','0','sys_show_hide','','primary','Y','0','admin','2021-03-31 03:12:16','',NULL,'显示菜单'),
(5,2,'隐藏','1','sys_show_hide','','danger','N','0','admin','2021-03-31 03:12:16','',NULL,'隐藏菜单'),
(6,1,'正常','0','sys_normal_disable','','primary','Y','0','admin','2021-03-31 03:12:16','',NULL,'正常状态'),
(7,2,'停用','1','sys_normal_disable','','danger','N','0','admin','2021-03-31 03:12:16','',NULL,'停用状态'),
(8,1,'正常','0','sys_job_status','','primary','Y','0','admin','2021-03-31 03:12:16','',NULL,'正常状态'),
(9,2,'暂停','1','sys_job_status','','danger','N','0','admin','2021-03-31 03:12:16','',NULL,'停用状态'),
(10,1,'默认','DEFAULT','sys_job_group','','','Y','0','admin','2021-03-31 03:12:16','',NULL,'默认分组'),
(11,2,'系统','SYSTEM','sys_job_group','','','N','0','admin','2021-03-31 03:12:16','',NULL,'系统分组'),
(12,1,'是','Y','sys_yes_no','','primary','Y','0','admin','2021-03-31 03:12:16','',NULL,'系统默认是'),
(13,2,'否','N','sys_yes_no','','danger','N','0','admin','2021-03-31 03:12:16','',NULL,'系统默认否'),
(14,1,'通知','1','sys_notice_type','','warning','Y','0','admin','2021-03-31 03:12:16','',NULL,'通知'),
(15,2,'公告','2','sys_notice_type','','success','N','0','admin','2021-03-31 03:12:16','',NULL,'公告'),
(16,1,'正常','0','sys_notice_status','','primary','Y','0','admin','2021-03-31 03:12:17','',NULL,'正常状态'),
(17,2,'关闭','1','sys_notice_status','','danger','N','0','admin','2021-03-31 03:12:17','',NULL,'关闭状态'),
(18,1,'新增','1','sys_oper_type','','info','N','0','admin','2021-03-31 03:12:17','',NULL,'新增操作'),
(19,2,'修改','2','sys_oper_type','','info','N','0','admin','2021-03-31 03:12:17','',NULL,'修改操作'),
(20,3,'删除','3','sys_oper_type','','danger','N','0','admin','2021-03-31 03:12:17','',NULL,'删除操作'),
(21,4,'授权','4','sys_oper_type','','primary','N','0','admin','2021-03-31 03:12:17','',NULL,'授权操作'),
(22,5,'导出','5','sys_oper_type','','warning','N','0','admin','2021-03-31 03:12:17','',NULL,'导出操作'),
(23,6,'导入','6','sys_oper_type','','warning','N','0','admin','2021-03-31 03:12:17','',NULL,'导入操作'),
(24,7,'强退','7','sys_oper_type','','danger','N','0','admin','2021-03-31 03:12:17','',NULL,'强退操作'),
(25,8,'生成代码','8','sys_oper_type','','warning','N','0','admin','2021-03-31 03:12:17','',NULL,'生成操作'),
(26,9,'清空数据','9','sys_oper_type','','danger','N','0','admin','2021-03-31 03:12:17','',NULL,'清空操作'),
(27,1,'成功','0','sys_common_status','','primary','N','0','admin','2021-03-31 03:12:17','',NULL,'正常状态'),
(28,2,'失败','1','sys_common_status','','danger','N','0','admin','2021-03-31 03:12:17','',NULL,'停用状态'),
(100,1,'线上活动','0','clues_item',NULL,NULL,'N','0','admin','2021-04-01 05:58:18','admin','2021-04-02 01:50:30','线上活动'),
(101,1,'课程折扣','1','channel_type',NULL,NULL,'N','0','admin','2021-04-01 08:58:56','admin','2021-04-02 01:56:31',NULL),
(102,2,'课程代金券','2','channel_type',NULL,NULL,'N','0','admin','2021-04-01 08:59:59','admin','2021-04-02 01:56:41',NULL),
(103,2,'推广介绍','1','clues_item',NULL,NULL,'N','0','admin','2021-04-01 09:18:58','admin','2021-04-02 01:50:39','推广介绍'),
(104,1,'Java','0','course_subject',NULL,NULL,'N','0','admin','2021-04-01 09:39:03','admin','2021-05-11 09:49:12','Java'),
(105,2,'前端','1','course_subject',NULL,NULL,'N','0','admin','2021-04-01 09:39:36','admin','2021-05-11 09:49:17','前端'),
(106,3,'人工智能','2','course_subject',NULL,NULL,'N','0','admin','2021-04-01 09:41:04','admin','2021-05-11 09:49:29','人工智能'),
(107,4,'大数据','3','course_subject',NULL,NULL,'N','0','admin','2021-04-01 09:42:26','admin','2021-05-11 09:49:35','大数据'),
(108,5,'Python','4','course_subject',NULL,NULL,'N','0','admin','2021-04-01 09:42:27','admin','2021-05-11 09:49:39','Python'),
(109,6,'测试','6','course_subject',NULL,NULL,'N','0','admin','2021-04-01 09:45:30','admin','2021-04-02 01:55:23','测试'),
(110,7,'新媒体','7','course_subject',NULL,NULL,'N','0','admin','2021-04-01 09:55:21','admin','2021-04-02 01:55:35','新媒体'),
(111,8,'产品经理','8','course_subject',NULL,NULL,'N','0','admin','2021-04-01 09:56:46','admin','2021-04-02 01:55:46','产品经理'),
(112,9,'UI设计','9','course_subject',NULL,NULL,'N','0','admin','2021-04-01 09:57:22','admin','2021-04-02 01:55:57','UI设计'),
(113,1,'小白学员','1','applicable_person',NULL,NULL,'N','0','admin','2021-04-01 10:02:11','admin','2021-04-02 01:52:32','小白学员'),
(114,2,'中级程序员','2','applicable_person',NULL,NULL,'N','0','admin','2021-04-01 10:02:38','admin','2021-04-02 01:52:45',NULL),
(115,1,'近期学习','0','clues_level',NULL,NULL,'N','0','admin','2021-04-02 01:43:37','admin','2021-05-11 09:47:01','近期学习'),
(116,2,'打算学，考虑中','1','clues_level',NULL,NULL,'N','0','admin','2021-04-02 01:44:22','admin','2021-05-11 09:47:07','打算学，考虑中'),
(117,3,'进行了解','2','clues_level',NULL,NULL,'N','0','admin','2021-04-02 01:45:22','admin','2021-05-11 09:47:15','进行了解'),
(118,4,'打酱油','3','clues_level',NULL,NULL,'N','0','admin','2021-04-02 01:46:24','admin','2021-05-11 09:47:19','打酱油,放弃'),
(120,1,'待审核','1','activity_status',NULL,NULL,'N','0','admin','2021-04-02 02:14:33','',NULL,'待审核'),
(121,3,'已驳回','3','activity_status',NULL,NULL,'N','0','admin','2021-04-02 02:14:59','admin','2021-04-26 07:05:37','已驳回'),
(122,2,'已通过','2','activity_status',NULL,NULL,'N','0','admin','2021-04-02 02:15:28','admin','2021-04-26 07:05:45','通过'),
(123,1,'空号','1','reasons_for_reporting',NULL,NULL,'N','0','admin','2021-04-02 08:49:52','',NULL,'空号'),
(124,2,'已停机','2','reasons_for_reporting',NULL,NULL,'N','0','admin','2021-04-02 08:50:09','',NULL,'已停机'),
(125,3,'广告','3','reasons_for_reporting',NULL,NULL,'N','0','admin','2021-04-02 08:50:31','',NULL,'广告'),
(126,4,'竞品','4','reasons_for_reporting',NULL,NULL,'N','0','admin','2021-04-02 08:50:47','',NULL,'竞品'),
(127,5,'无法联系','5','reasons_for_reporting',NULL,NULL,'N','0','admin','2021-04-02 08:51:03','',NULL,'无法联系'),
(128,6,'其他','6','reasons_for_reporting',NULL,NULL,'N','0','admin','2021-04-02 08:51:26','',NULL,'其他'),
(129,1,'创建时间','createTime','clue_rule',NULL,NULL,'N','0','admin','2021-04-08 03:19:48','admin','2021-05-06 06:45:24','创建时间'),
(130,2,'渠道来源','channel','clue_rule',NULL,NULL,'N','0','admin','2021-04-08 03:20:21','admin','2021-04-08 03:25:51','渠道来源'),
(131,3,'线索意向级别','subject','clue_rule',NULL,NULL,'N','0','admin','2021-04-08 03:21:08','admin','2021-04-08 03:26:01','线索意向级别'),
(132,4,'意向等级','level','clue_rule',NULL,NULL,'N','0','admin','2021-04-08 03:24:57','admin','2021-04-08 03:26:12','意向等级'),
(133,0,'是','==','clue_rule_createtime',NULL,NULL,'N','0','admin','2021-04-08 03:28:37','admin','2021-05-06 06:33:52','是'),
(134,1,'不是','!=','clue_rule_createtime',NULL,NULL,'N','0','admin','2021-04-08 03:28:55','',NULL,'不是'),
(135,3,'在之前','<=','clue_rule_createtime',NULL,NULL,'N','0','admin','2021-04-08 03:29:31','admin','2021-06-22 06:26:19','在之前'),
(136,4,'在之后','>=','clue_rule_createtime',NULL,NULL,'N','0','admin','2021-04-08 03:29:51','admin','2021-06-22 06:26:30','在之后'),
(137,5,'在之间','between','clue_rule_createtime',NULL,NULL,'N','0','admin','2021-04-08 03:30:13','admin','2021-04-08 03:30:32','在之间'),
(138,1,'是','==','clue_rule_common',NULL,NULL,'N','0','admin','2021-04-08 03:32:19','admin','2021-04-21 10:22:14','是'),
(139,1,'不是','!=','clue_rule_common',NULL,NULL,'N','0','admin','2021-04-08 03:32:36','',NULL,'不是'),
(140,3,'包含','in','clue_rule_common',NULL,NULL,'N','0','admin','2021-04-08 03:33:00','admin','2021-04-12 10:27:36','包含'),
(141,4,'不包含','not in','clue_rule_common',NULL,NULL,'N','0','admin','2021-04-08 03:33:21','admin','2021-04-12 10:28:07','不包含'),
(143,2,'跟进中','2','clue_status',NULL,NULL,'N','0','admin','2021-04-12 10:05:33','admin','2021-05-11 02:01:34','已分配'),
(145,0,'用户','0','assign_type',NULL,NULL,'N','0','admin','2021-04-14 08:00:12','',NULL,'用户'),
(146,1,'岗位','1','assign_type',NULL,NULL,'N','0','admin','2021-04-14 08:00:21','',NULL,'岗位'),
(147,2,'部门','2','assign_type',NULL,NULL,'N','0','admin','2021-04-14 08:00:30','',NULL,'部门'),
(148,0,'小时','0','limit_time',NULL,NULL,'N','0','admin','2021-04-16 07:21:09','admin','2021-04-16 07:21:58','小时'),
(149,1,'天','1','limit_time',NULL,NULL,'N','0','admin','2021-04-16 07:21:45','admin','2021-04-16 07:22:10','天'),
(150,2,'周','2','limit_time',NULL,NULL,'N','0','admin','2021-04-16 07:22:33','',NULL,'周'),
(151,0,'小时前','0','warn_time',NULL,NULL,'N','0','admin','2021-04-16 07:24:59','',NULL,'小时前'),
(152,1,'天前','1','warn_time',NULL,NULL,'N','0','admin','2021-04-16 07:25:21','',NULL,'天前'),
(153,2,'周前','2','warn_time',NULL,NULL,'N','0','admin','2021-04-16 07:25:42','',NULL,'周前'),
(154,1,'天以后','1','repeat_get_time',NULL,NULL,'N','0','admin','2021-04-16 07:27:19','admin','2021-09-08 03:14:49','天以后'),
(155,1,'周以后','2','repeat_get_time',NULL,NULL,'N','0','admin','2021-04-16 07:27:40','admin','2021-09-08 03:14:55','周以后'),
(156,2,'个月以后','3','repeat_get_time',NULL,NULL,'N','0','admin','2021-04-16 07:28:02','admin','2021-09-08 03:14:58','个月以后'),
(157,1,'待跟进','1','clue_status',NULL,NULL,'N','0','admin','2021-04-20 10:07:08','',NULL,'待跟进'),
(159,4,'已结束','4','activity_status',NULL,NULL,'N','0','admin','2021-04-26 07:05:18','',NULL,NULL),
(160,1,'课程','1','communication_point',NULL,NULL,'N','0','admin','2021-04-28 07:50:54','',NULL,NULL),
(161,2,'价格','2','communication_point',NULL,NULL,'N','0','admin','2021-04-28 07:51:10','',NULL,NULL),
(162,3,'位置','3','communication_point',NULL,NULL,'N','0','admin','2021-04-28 07:51:22','admin','2021-04-28 07:52:55',NULL),
(163,4,'时间','4','communication_point',NULL,NULL,'N','0','admin','2021-04-28 07:51:33','admin','2021-04-28 07:52:37',NULL),
(164,5,'师资','5','communication_point',NULL,NULL,'N','0','admin','2021-04-28 07:51:44','admin','2021-04-28 07:55:58',NULL),
(165,6,'项目','6','communication_point',NULL,NULL,'N','0','admin','2021-04-28 07:51:59','admin','2021-04-28 07:56:12',NULL),
(166,7,'薪资','7','communication_point',NULL,NULL,'N','0','admin','2021-04-28 07:57:12','',NULL,NULL),
(167,8,'职业','8','communication_point',NULL,NULL,'N','0','admin','2021-04-28 07:57:32','',NULL,NULL),
(168,0,'无','1','occupation',NULL,NULL,'N','0','admin','2021-04-29 03:38:57','',NULL,NULL),
(169,1,'技术','2','occupation',NULL,NULL,'N','0','admin','2021-04-29 03:39:09','',NULL,NULL),
(170,2,'产品','3','occupation',NULL,NULL,'N','0','admin','2021-04-29 03:39:18','',NULL,NULL),
(171,3,'设计','4','occupation',NULL,NULL,'N','0','admin','2021-04-29 03:39:28','',NULL,NULL),
(172,4,'运营','5','occupation',NULL,NULL,'N','0','admin','2021-04-29 03:39:37','',NULL,NULL),
(173,5,'市场','6','occupation',NULL,NULL,'N','0','admin','2021-04-29 03:39:48','',NULL,NULL),
(174,6,'人事/财务行政','7','occupation',NULL,NULL,'N','0','admin','2021-04-29 03:40:02','',NULL,NULL),
(175,7,'销售','8','occupation',NULL,NULL,'N','0','admin','2021-04-29 03:40:14','',NULL,NULL),
(176,8,'传媒','9','occupation',NULL,NULL,'N','0','admin','2021-04-29 03:40:29','',NULL,NULL),
(177,9,'金融','10','occupation',NULL,NULL,'N','0','admin','2021-04-29 03:40:42','',NULL,NULL),
(178,10,'教育培训','11','occupation',NULL,NULL,'N','0','admin','2021-04-29 03:40:54','admin','2021-04-29 03:41:17',NULL),
(179,11,'医疗健康','12','occupation',NULL,NULL,'N','0','admin','2021-04-29 03:41:05','',NULL,NULL),
(180,13,'供应链/物流','14','occupation',NULL,NULL,'N','0','admin','2021-04-29 03:41:40','admin','2021-04-29 03:41:50',NULL),
(181,12,'房地产/建筑','13','occupation',NULL,NULL,'N','0','admin','2021-04-29 03:42:00','',NULL,NULL),
(182,14,'采购/贸易','15','occupation',NULL,NULL,'N','0','admin','2021-04-29 03:42:11','',NULL,NULL),
(183,15,'咨询/翻译/法律','16','occupation',NULL,NULL,'N','0','admin','2021-04-29 03:42:26','',NULL,NULL),
(184,16,'旅游','17','occupation',NULL,NULL,'N','0','admin','2021-04-29 03:42:39','',NULL,NULL),
(185,17,'生成制作','18','occupation',NULL,NULL,'N','0','admin','2021-04-29 03:42:50','',NULL,NULL),
(186,18,'其他','19','occupation',NULL,NULL,'N','0','admin','2021-04-29 03:43:03','',NULL,NULL),
(187,0,'小学','1','education',NULL,NULL,'N','0','admin','2021-04-29 03:43:50','',NULL,NULL),
(188,1,'初中','2','education',NULL,NULL,'N','0','admin','2021-04-29 03:43:58','',NULL,NULL),
(189,2,'高中','3','education',NULL,NULL,'N','0','admin','2021-04-29 03:44:04','',NULL,NULL),
(190,3,'中专','4','education',NULL,NULL,'N','0','admin','2021-04-29 03:44:22','',NULL,NULL),
(191,4,'大专','5','education',NULL,NULL,'N','0','admin','2021-04-29 03:44:32','',NULL,NULL),
(192,5,'本科','6','education',NULL,NULL,'N','0','admin','2021-04-29 03:44:42','',NULL,NULL),
(193,6,'研究生','7','education',NULL,NULL,'N','0','admin','2021-04-29 03:44:52','',NULL,NULL),
(194,7,'博士','8','education',NULL,NULL,'N','0','admin','2021-04-29 03:45:02','',NULL,NULL),
(195,8,'其他','9','education',NULL,NULL,'N','0','admin','2021-04-29 03:45:15','',NULL,NULL),
(196,0,'哲学','1','major',NULL,NULL,'N','0','admin','2021-04-29 05:37:29','',NULL,NULL),
(197,1,'经济学','2','major',NULL,NULL,'N','0','admin','2021-04-29 05:37:39','',NULL,NULL),
(198,2,'法学','3','major',NULL,NULL,'N','0','admin','2021-04-29 05:37:48','',NULL,NULL),
(199,3,'教育学','4','major',NULL,NULL,'N','0','admin','2021-04-29 05:37:58','',NULL,NULL),
(200,4,'文学','5','major',NULL,NULL,'N','0','admin','2021-04-29 05:38:05','',NULL,NULL),
(201,5,'历史学','6','major',NULL,NULL,'N','0','admin','2021-04-29 05:38:14','',NULL,NULL),
(202,6,'理学','7','major',NULL,NULL,'N','0','admin','2021-04-29 05:38:23','',NULL,NULL),
(203,7,'工学','8','major',NULL,NULL,'N','0','admin','2021-04-29 05:38:33','',NULL,NULL),
(204,8,'农学','9','major',NULL,NULL,'N','0','admin','2021-04-29 05:38:41','',NULL,NULL),
(205,9,'医学','10','major',NULL,NULL,'N','0','admin','2021-04-29 05:38:51','',NULL,NULL),
(206,10,'管理学','11','major',NULL,NULL,'N','0','admin','2021-04-29 05:39:01','',NULL,NULL),
(207,11,'艺术学','12','major',NULL,NULL,'N','0','admin','2021-04-29 05:39:09','',NULL,NULL),
(208,0,'待业','1','job',NULL,NULL,'N','0','admin','2021-04-29 05:39:51','',NULL,NULL),
(209,1,'在职','2','job',NULL,NULL,'N','0','admin','2021-04-29 05:39:58','',NULL,NULL),
(210,2,'已离职','3','job',NULL,NULL,'N','0','admin','2021-04-29 05:40:06','',NULL,NULL),
(211,0,'1k-3k','1','salary',NULL,NULL,'N','0','admin','2021-04-29 05:40:51','',NULL,NULL),
(212,1,'3k-6k','2','salary',NULL,NULL,'N','0','admin','2021-04-29 05:40:57','',NULL,NULL),
(213,2,'6k-10k','3','salary',NULL,NULL,'N','0','admin','2021-04-29 05:41:04','',NULL,NULL),
(214,3,'10k-15k','4','salary',NULL,NULL,'N','0','admin','2021-04-29 05:41:11','',NULL,NULL),
(215,4,'15k-20k','5','salary',NULL,NULL,'N','0','admin','2021-04-29 05:41:20','',NULL,NULL),
(216,5,'20k+','6','salary',NULL,NULL,'N','0','admin','2021-04-29 05:41:27','',NULL,NULL),
(217,0,'接通','1','track_status',NULL,NULL,'N','0','admin','2021-04-29 05:42:50','',NULL,NULL),
(218,1,'拒绝','2','track_status',NULL,NULL,'N','0','admin','2021-04-29 05:42:56','',NULL,NULL),
(219,2,'无人接听','3','track_status',NULL,NULL,'N','0','admin','2021-04-29 05:43:03','',NULL,NULL),
(220,0,'用户已报名其他机构','1','reasons_for_business_reporting',NULL,NULL,'N','0','admin','2021-04-29 05:44:52','',NULL,NULL),
(221,1,'用户不感兴趣','2','reasons_for_business_reporting',NULL,NULL,'N','0','admin','2021-04-29 05:45:00','',NULL,NULL),
(222,2,'用户年龄不符','3','reasons_for_business_reporting',NULL,NULL,'N','0','admin','2021-04-29 05:45:07','',NULL,NULL),
(223,3,'用户暂时没有需求','4','reasons_for_business_reporting',NULL,NULL,'N','0','admin','2021-04-29 05:45:18','',NULL,NULL),
(224,4,'学费不满意','5','reasons_for_business_reporting',NULL,NULL,'N','0','admin','2021-04-29 05:45:26','',NULL,NULL),
(225,5,'距离不适合','6','reasons_for_business_reporting',NULL,NULL,'N','0','admin','2021-04-29 05:45:33','',NULL,NULL),
(226,6,'其他','7','reasons_for_business_reporting',NULL,NULL,'N','0','admin','2021-04-29 05:45:44','',NULL,NULL),
(227,0,'创建时间','createTime','business_rule',NULL,NULL,'N','0','admin','2021-05-07 01:57:53','',NULL,NULL),
(228,1,'商机性质','status','business_rule',NULL,NULL,'N','0','admin','2021-05-07 02:01:25','admin','2021-05-07 02:02:11',NULL),
(229,2,'客户地区','region','business_rule',NULL,NULL,'N','0','admin','2021-05-07 02:02:06','',NULL,NULL),
(230,3,'意向学科','subject','business_rule',NULL,NULL,'N','0','admin','2021-05-07 02:02:50','admin','2021-05-07 02:04:52',NULL),
(231,0,'新增','1','business_status_rule',NULL,NULL,'N','0','admin','2021-05-07 02:09:18','',NULL,NULL),
(232,2,'已回收','3','business_status_rule',NULL,NULL,'N','0','admin','2021-05-07 02:09:37','',NULL,NULL),
(233,3,'角色','3','assign_type',NULL,NULL,'N','0','admin','2021-05-25 03:47:10','',NULL,NULL);

/*Table structure for table `sys_dict_type` */

DROP TABLE IF EXISTS `sys_dict_type`;

CREATE TABLE `sys_dict_type` (
  `dict_id` bigint NOT NULL AUTO_INCREMENT COMMENT '字典主键',
  `dict_name` varchar(100) CHARACTER SET utf8 COLLATE utf8_bin DEFAULT '' COMMENT '字典名称',
  `dict_type` varchar(100) CHARACTER SET utf8 COLLATE utf8_bin DEFAULT '' COMMENT '字典类型',
  `status` char(1) CHARACTER SET utf8 COLLATE utf8_bin DEFAULT '0' COMMENT '状态（0正常 1停用）',
  `create_by` varchar(64) CHARACTER SET utf8 COLLATE utf8_bin DEFAULT '' COMMENT '创建者',
  `create_time` datetime DEFAULT NULL COMMENT '创建时间',
  `update_by` varchar(64) CHARACTER SET utf8 COLLATE utf8_bin DEFAULT '' COMMENT '更新者',
  `update_time` datetime DEFAULT NULL COMMENT '更新时间',
  `remark` varchar(500) CHARACTER SET utf8 COLLATE utf8_bin DEFAULT NULL COMMENT '备注',
  PRIMARY KEY (`dict_id`),
  UNIQUE KEY `dict_type` (`dict_type`)
) ENGINE=InnoDB AUTO_INCREMENT=125 DEFAULT CHARSET=utf8 COLLATE=utf8_bin COMMENT='字典类型表';

/*Data for the table `sys_dict_type` */

insert  into `sys_dict_type`(`dict_id`,`dict_name`,`dict_type`,`status`,`create_by`,`create_time`,`update_by`,`update_time`,`remark`) values 
(1,'用户性别','sys_user_sex','0','admin','2021-03-31 03:12:16','admin','2021-05-28 09:35:20','用户性别列表'),
(2,'菜单状态','sys_show_hide','0','admin','2021-03-31 03:12:16','',NULL,'菜单状态列表'),
(3,'系统开关','sys_normal_disable','0','admin','2021-03-31 03:12:16','',NULL,'系统开关列表'),
(4,'任务状态','sys_job_status','0','admin','2021-03-31 03:12:16','',NULL,'任务状态列表'),
(5,'任务分组','sys_job_group','0','admin','2021-03-31 03:12:16','',NULL,'任务分组列表'),
(6,'系统是否','sys_yes_no','0','admin','2021-03-31 03:12:16','',NULL,'系统是否列表'),
(7,'通知类型','sys_notice_type','0','admin','2021-03-31 03:12:16','',NULL,'通知类型列表'),
(8,'通知状态','sys_notice_status','0','admin','2021-03-31 03:12:16','',NULL,'通知状态列表'),
(9,'操作类型','sys_oper_type','0','admin','2021-03-31 03:12:16','',NULL,'操作类型列表'),
(10,'系统状态','sys_common_status','0','admin','2021-03-31 03:12:16','',NULL,'登录状态列表'),
(100,'线索跟进项','clues_item','0','admin','2021-04-01 05:57:07','',NULL,'线索跟进项'),
(101,'活动类型','channel_type','0','admin','2021-04-01 08:57:57','',NULL,'活动类型'),
(102,'课程学科','course_subject','0','admin','2021-04-01 09:37:30','admin','2021-05-28 09:34:51','课程学科'),
(103,'适应人群','applicable_person','0','admin','2021-04-01 09:59:41','',NULL,'适应人群'),
(104,'线索意向级别','clues_level','0','admin','2021-04-02 01:42:10','admin','2021-04-02 01:42:23','线索意向级别'),
(105,'活动状态','activity_status','0','admin','2021-04-02 02:07:22','admin','2021-04-02 02:07:33','活动状态'),
(106,' 伪线索上报说明','reasons_for_reporting','0','admin','2021-04-02 08:48:44','admin','2021-05-28 09:36:17','伪线索上报说明'),
(107,'线索规则','clue_rule','0','admin','2021-04-08 03:18:14','',NULL,'线索规则'),
(108,'线索创建时间表达式','clue_rule_createtime','0','admin','2021-04-08 03:27:42','',NULL,'线索创建时间表达式'),
(109,'线索通用表达式','clue_rule_common','0','admin','2021-04-08 03:31:30','admin','2021-04-08 03:31:54','线索通用表达式'),
(110,'线索状态','clue_status','0','admin','2021-04-12 10:04:58','',NULL,'线索状态'),
(111,'分配类型','assign_type','0','admin','2021-04-14 07:59:39','',NULL,'分配类型'),
(112,'回收时限','limit_time','0','admin','2021-04-16 07:20:17','',NULL,'回收时限'),
(113,'到期提醒','warn_time','0','admin','2021-04-16 07:24:22','',NULL,'到期提醒'),
(114,'重复捞取时间','repeat_get_time','0','admin','2021-04-16 07:26:32','',NULL,'重复捞取时间'),
(115,'沟通重点','communication_point','0','admin','2021-04-28 07:50:23','',NULL,NULL),
(116,'职业','occupation','0','admin','2021-04-29 03:38:06','',NULL,NULL),
(117,'学历','education','0','admin','2021-04-29 03:43:37','',NULL,NULL),
(118,'专业','major','0','admin','2021-04-29 05:37:15','',NULL,NULL),
(119,'在职情况','job','0','admin','2021-04-29 05:39:42','',NULL,NULL),
(120,'薪资','salary','0','admin','2021-04-29 05:40:40','',NULL,NULL),
(121,'跟进状态','track_status','0','admin','2021-04-29 05:42:36','',NULL,NULL),
(122,'踢回公海原因','reasons_for_business_reporting','0','admin','2021-04-29 05:44:32','',NULL,NULL),
(123,'商机规则','business_rule','0','admin','2021-05-07 01:53:52','',NULL,NULL),
(124,'商机性质状态','business_status_rule','0','admin','2021-05-07 02:09:02','',NULL,NULL);

/*Table structure for table `sys_logininfor` */

DROP TABLE IF EXISTS `sys_logininfor`;

CREATE TABLE `sys_logininfor` (
  `info_id` bigint NOT NULL AUTO_INCREMENT COMMENT '访问ID',
  `user_name` varchar(50) CHARACTER SET utf8 COLLATE utf8_bin DEFAULT '' COMMENT '用户账号',
  `ipaddr` varchar(128) CHARACTER SET utf8 COLLATE utf8_bin DEFAULT '' COMMENT '登录IP地址',
  `login_location` varchar(255) CHARACTER SET utf8 COLLATE utf8_bin DEFAULT '' COMMENT '登录地点',
  `browser` varchar(50) CHARACTER SET utf8 COLLATE utf8_bin DEFAULT '' COMMENT '浏览器类型',
  `os` varchar(50) CHARACTER SET utf8 COLLATE utf8_bin DEFAULT '' COMMENT '操作系统',
  `status` char(1) CHARACTER SET utf8 COLLATE utf8_bin DEFAULT '0' COMMENT '登录状态（0成功 1失败）',
  `msg` varchar(255) CHARACTER SET utf8 COLLATE utf8_bin DEFAULT '' COMMENT '提示消息',
  `login_time` datetime DEFAULT NULL COMMENT '访问时间',
  PRIMARY KEY (`info_id`)
) ENGINE=InnoDB AUTO_INCREMENT=4278 DEFAULT CHARSET=utf8 COLLATE=utf8_bin COMMENT='系统访问记录';

/*Data for the table `sys_logininfor` */

insert  into `sys_logininfor`(`info_id`,`user_name`,`ipaddr`,`login_location`,`browser`,`os`,`status`,`msg`,`login_time`) values 
(4026,'admin','127.0.0.1','内网IP','Chrome 10','Windows 10','0','登录成功','2022-04-18 09:16:23'),
(4027,'admin','127.0.0.1','内网IP','Chrome 10','Windows 10','0','登录成功','2022-04-18 10:43:16'),
(4028,'admin','127.0.0.1','内网IP','Chrome 10','Windows 10','0','登录成功','2022-04-18 10:54:09'),
(4029,'admin','127.0.0.1','内网IP','Chrome 10','Windows 10','0','退出成功','2022-04-18 11:42:28'),
(4030,'zhangsan','127.0.0.1','内网IP','Chrome 10','Windows 10','1','验证码错误','2022-04-18 11:42:37'),
(4031,'zhangsan','127.0.0.1','内网IP','Chrome 10','Windows 10','1','验证码错误','2022-04-18 11:44:05'),
(4032,'zhangsan','127.0.0.1','内网IP','Chrome 10','Windows 10','1','验证码错误','2022-04-18 11:44:09'),
(4033,'zhangsan','127.0.0.1','内网IP','Chrome 10','Windows 10','0','登录成功','2022-04-18 11:44:13'),
(4034,'zhangsan','127.0.0.1','内网IP','Chrome 10','Windows 10','0','退出成功','2022-04-18 11:44:14'),
(4035,'zhangsan','127.0.0.1','内网IP','Chrome 10','Windows 10','1','验证码已失效','2022-04-18 11:44:20'),
(4036,'zhangsan','127.0.0.1','内网IP','Chrome 10','Windows 10','1','验证码错误','2022-04-18 11:44:22'),
(4037,'zhangsan','127.0.0.1','内网IP','Chrome 10','Windows 10','0','登录成功','2022-04-18 11:44:24'),
(4038,'zhangsan','127.0.0.1','内网IP','Chrome 10','Windows 10','0','退出成功','2022-04-18 11:44:25'),
(4039,'admin','127.0.0.1','内网IP','Chrome 10','Windows 10','1','验证码错误','2022-04-18 11:45:25'),
(4040,'admin','127.0.0.1','内网IP','Chrome 10','Windows 10','0','登录成功','2022-04-18 11:45:32'),
(4041,'admin','127.0.0.1','内网IP','Chrome 10','Windows 10','0','退出成功','2022-04-18 11:45:44'),
(4042,'zhangsan','127.0.0.1','内网IP','Chrome 10','Windows 10','0','登录成功','2022-04-18 11:45:51'),
(4043,'zhangsan','127.0.0.1','内网IP','Chrome 10','Windows 10','0','退出成功','2022-04-18 11:45:52'),
(4044,'admin','127.0.0.1','内网IP','Chrome 10','Windows 10','1','验证码错误','2022-04-18 11:46:08'),
(4045,'admin','127.0.0.1','内网IP','Chrome 10','Windows 10','0','登录成功','2022-04-18 11:46:12'),
(4046,'admin','127.0.0.1','内网IP','Chrome 10','Windows 10','0','退出成功','2022-04-18 11:47:48'),
(4047,'zhangsan','127.0.0.1','内网IP','Chrome 10','Windows 10','1','验证码错误','2022-04-18 11:47:59'),
(4048,'zhangsan','127.0.0.1','内网IP','Chrome 10','Windows 10','1','验证码错误','2022-04-18 11:48:01'),
(4049,'zhangsan','127.0.0.1','内网IP','Chrome 10','Windows 10','0','登录成功','2022-04-18 11:48:03'),
(4050,'zhangsan','127.0.0.1','内网IP','Chrome 10','Windows 10','0','退出成功','2022-04-18 11:48:22'),
(4051,'admin','127.0.0.1','内网IP','Chrome 10','Windows 10','0','登录成功','2022-04-18 11:48:27'),
(4052,'admin','127.0.0.1','内网IP','Chrome 10','Windows 10','0','退出成功','2022-04-18 11:49:36'),
(4053,'admin','127.0.0.1','内网IP','Chrome 10','Windows 10','0','登录成功','2022-04-18 17:53:02'),
(4054,'admin','127.0.0.1','内网IP','Chrome 10','Windows 10','0','登录成功','2022-04-18 17:55:01'),
(4055,'admin','127.0.0.1','内网IP','Chrome 10','Windows 10','0','登录成功','2022-04-18 18:05:34'),
(4056,'admin','127.0.0.1','内网IP','Chrome 10','Windows 10','0','退出成功','2022-04-18 18:31:13'),
(4057,'zhangsan','127.0.0.1','内网IP','Chrome 10','Windows 10','0','登录成功','2022-04-18 18:31:23'),
(4058,'zhangsan','127.0.0.1','内网IP','Chrome 10','Windows 10','0','退出成功','2022-04-18 18:34:23'),
(4059,'admin','127.0.0.1','内网IP','Chrome 10','Windows 10','0','登录成功','2022-04-18 18:34:25'),
(4060,'admin','127.0.0.1','内网IP','Chrome 10','Windows 10','0','退出成功','2022-04-18 18:49:20'),
(4061,'admin','127.0.0.1','内网IP','Chrome 10','Windows 10','0','登录成功','2022-04-18 18:49:23'),
(4062,'admin','127.0.0.1','内网IP','Chrome 10','Windows 10','0','退出成功','2022-04-18 18:49:35'),
(4063,'zhangsan','127.0.0.1','内网IP','Chrome 10','Windows 10','0','登录成功','2022-04-18 18:49:41'),
(4064,'admin','127.0.0.1','内网IP','Chrome 10','Windows 10','0','登录成功','2022-04-18 20:51:42'),
(4065,'admin','127.0.0.1','内网IP','Chrome 10','Windows 10','0','退出成功','2022-04-18 20:52:40'),
(4066,'zhangsan1','127.0.0.1','内网IP','Chrome 10','Windows 10','0','登录成功','2022-04-18 20:52:52'),
(4067,'zhangsan1','127.0.0.1','内网IP','Chrome 10','Windows 10','0','退出成功','2022-04-18 20:55:22'),
(4068,'zhangsan','127.0.0.1','内网IP','Chrome 10','Windows 10','0','登录成功','2022-04-18 20:55:28'),
(4069,'zhangsan','127.0.0.1','内网IP','Chrome 10','Windows 10','0','退出成功','2022-04-18 21:02:35'),
(4070,'admin','127.0.0.1','内网IP','Chrome 10','Windows 10','0','登录成功','2022-04-18 21:02:39'),
(4071,'admin','127.0.0.1','内网IP','Chrome 10','Windows 10','0','退出成功','2022-04-18 21:08:30'),
(4072,'zhangsan','127.0.0.1','内网IP','Chrome 10','Windows 10','1','验证码错误','2022-04-18 21:08:35'),
(4073,'zhangsan','127.0.0.1','内网IP','Chrome 10','Windows 10','0','登录成功','2022-04-18 21:08:40'),
(4074,'admin','127.0.0.1','内网IP','Chrome 10','Windows 10','0','登录成功','2022-04-18 21:42:46'),
(4075,'admin','127.0.0.1','内网IP','Chrome 10','Windows 10','0','退出成功','2022-04-18 21:43:29'),
(4076,'zhangsan','127.0.0.1','内网IP','Chrome 10','Windows 10','0','登录成功','2022-04-18 21:43:38'),
(4077,'zhangsan','127.0.0.1','内网IP','Chrome 10','Windows 10','0','退出成功','2022-04-18 21:52:34'),
(4078,'zhangsan1','127.0.0.1','内网IP','Chrome 10','Windows 10','0','登录成功','2022-04-18 21:52:41'),
(4079,'zhangsan1','127.0.0.1','内网IP','Chrome 10','Windows 10','0','退出成功','2022-04-18 21:58:25'),
(4080,'admin','127.0.0.1','内网IP','Chrome 10','Windows 10','0','登录成功','2022-04-18 21:58:27'),
(4081,'admin','127.0.0.1','内网IP','Chrome 10','Windows 10','0','退出成功','2022-04-18 22:08:18'),
(4082,'zhangsan','127.0.0.1','内网IP','Chrome 10','Windows 10','1','验证码错误','2022-04-18 22:08:23'),
(4083,'zhangsan','127.0.0.1','内网IP','Chrome 10','Windows 10','0','登录成功','2022-04-18 22:08:28'),
(4084,'zhangsan','127.0.0.1','内网IP','Chrome 10','Windows 10','0','退出成功','2022-04-18 22:09:10'),
(4085,'shangji','127.0.0.1','内网IP','Chrome 10','Windows 10','1','验证码错误','2022-04-18 22:09:20'),
(4086,'shangji','127.0.0.1','内网IP','Chrome 10','Windows 10','1','验证码错误','2022-04-18 22:09:24'),
(4087,'shangji','127.0.0.1','内网IP','Chrome 10','Windows 10','1','用户不存在/密码错误','2022-04-18 22:09:28'),
(4088,'shangji','127.0.0.1','内网IP','Chrome 10','Windows 10','1','验证码错误','2022-04-18 22:09:32'),
(4089,'shangji','127.0.0.1','内网IP','Chrome 10','Windows 10','1','用户不存在/密码错误','2022-04-18 22:09:44'),
(4090,'lifeng','127.0.0.1','内网IP','Chrome 10','Windows 10','1','验证码错误','2022-04-18 22:09:56'),
(4091,'lifeng','127.0.0.1','内网IP','Chrome 10','Windows 10','0','登录成功','2022-04-18 22:09:58'),
(4092,'lifeng','127.0.0.1','内网IP','Chrome 10','Windows 10','0','退出成功','2022-04-18 22:14:26'),
(4093,'admin','127.0.0.1','内网IP','Chrome 10','Windows 10','0','登录成功','2022-04-18 22:14:30'),
(4094,'admin','127.0.0.1','内网IP','Chrome 10','Windows 10','0','退出成功','2022-04-18 22:43:24'),
(4095,'admin','127.0.0.1','内网IP','Chrome 10','Windows 10','0','登录成功','2022-04-18 22:43:26'),
(4096,'admin','127.0.0.1','内网IP','Chrome 10','Windows 10','0','登录成功','2022-04-18 23:35:51'),
(4097,'admin','127.0.0.1','内网IP','Chrome 10','Windows 10','0','登录成功','2022-04-19 01:25:38'),
(4098,'admin','127.0.0.1','内网IP','Chrome 10','Windows 10','0','退出成功','2022-04-19 01:26:48'),
(4099,'lifeng','127.0.0.1','内网IP','Chrome 10','Windows 10','0','登录成功','2022-04-19 01:27:00'),
(4100,'lifeng','127.0.0.1','内网IP','Chrome 10','Windows 10','0','退出成功','2022-04-19 01:35:49'),
(4101,'admin','127.0.0.1','内网IP','Chrome 10','Windows 10','1','验证码错误','2022-04-19 01:35:53'),
(4102,'admin','127.0.0.1','内网IP','Chrome 10','Windows 10','0','登录成功','2022-04-19 01:35:57'),
(4103,'admin','127.0.0.1','内网IP','Chrome 10','Windows 10','0','退出成功','2022-04-19 01:36:29'),
(4104,'admin','127.0.0.1','内网IP','Chrome 10','Windows 10','0','登录成功','2022-04-19 01:36:31'),
(4105,'admin','127.0.0.1','内网IP','Chrome 10','Windows 10','0','退出成功','2022-04-19 01:36:34'),
(4106,'lifeng','127.0.0.1','内网IP','Chrome 10','Windows 10','1','验证码错误','2022-04-19 01:36:40'),
(4107,'lifeng','127.0.0.1','内网IP','Chrome 10','Windows 10','0','登录成功','2022-04-19 01:36:44'),
(4108,'lifeng','127.0.0.1','内网IP','Chrome 10','Windows 10','0','退出成功','2022-04-19 01:37:49'),
(4109,'zhangsan3','127.0.0.1','内网IP','Chrome 10','Windows 10','1','验证码错误','2022-04-19 01:37:57'),
(4110,'zhangsan3','127.0.0.1','内网IP','Chrome 10','Windows 10','1','验证码错误','2022-04-19 01:38:00'),
(4111,'zhangsan3','127.0.0.1','内网IP','Chrome 10','Windows 10','0','登录成功','2022-04-19 01:38:03'),
(4112,'zhangsan3','127.0.0.1','内网IP','Chrome 10','Windows 10','0','退出成功','2022-04-19 01:38:04'),
(4113,'admin','127.0.0.1','内网IP','Chrome 10','Windows 10','0','登录成功','2022-04-19 01:38:14'),
(4114,'admin','127.0.0.1','内网IP','Chrome 10','Windows 10','0','退出成功','2022-04-19 01:38:27'),
(4115,'zhangsan3','127.0.0.1','内网IP','Chrome 10','Windows 10','0','登录成功','2022-04-19 01:38:34'),
(4116,'zhangsan3','127.0.0.1','内网IP','Chrome 10','Windows 10','0','退出成功','2022-04-19 01:39:07'),
(4117,'admin','127.0.0.1','内网IP','Chrome 10','Windows 10','0','登录成功','2022-04-19 01:39:11'),
(4118,'admin','127.0.0.1','内网IP','Chrome 10','Windows 10','0','退出成功','2022-04-19 01:43:51'),
(4119,'admin','172.16.43.85','内网IP','Chrome 10','Windows 10','0','登录成功','2022-04-19 09:13:47'),
(4120,'admin','172.16.43.85','内网IP','Chrome 10','Windows 10','0','退出成功','2022-04-19 09:16:08'),
(4121,'zhangsan','172.16.43.85','内网IP','Chrome 10','Windows 10','1','验证码错误','2022-04-19 09:16:17'),
(4122,'zhangsan','172.16.43.85','内网IP','Chrome 10','Windows 10','0','登录成功','2022-04-19 09:16:19'),
(4123,'lisi','172.16.43.85','内网IP','Firefox 9','Windows 10','0','登录成功','2022-04-19 09:17:48'),
(4124,'admin','127.0.0.1','内网IP','Chrome 10','Windows 10','0','登录成功','2022-04-19 09:45:39'),
(4125,'admin','127.0.0.1','内网IP','Chrome 10','Windows 10','0','退出成功','2022-04-19 09:49:31'),
(4126,'lisi','127.0.0.1','内网IP','Chrome 10','Windows 10','0','登录成功','2022-04-19 09:49:36'),
(4127,'lisi','127.0.0.1','内网IP','Chrome 10','Windows 10','0','退出成功','2022-04-19 09:50:36'),
(4128,'lisi1','127.0.0.1','内网IP','Chrome 10','Windows 10','0','登录成功','2022-04-19 09:50:42'),
(4129,'lisi1','127.0.0.1','内网IP','Chrome 10','Windows 10','0','退出成功','2022-04-19 09:54:56'),
(4130,'admin','127.0.0.1','内网IP','Chrome 10','Windows 10','0','登录成功','2022-04-19 09:54:59'),
(4131,'admin','127.0.0.1','内网IP','Chrome 10','Windows 10','0','退出成功','2022-04-19 10:29:15'),
(4132,'lifneg','127.0.0.1','内网IP','Chrome 10','Windows 10','1','用户不存在/密码错误','2022-04-19 10:29:21'),
(4133,'lifneg','127.0.0.1','内网IP','Chrome 10','Windows 10','1','用户不存在/密码错误','2022-04-19 10:29:24'),
(4134,'lifeng','127.0.0.1','内网IP','Chrome 10','Windows 10','0','登录成功','2022-04-19 10:29:32'),
(4135,'lifeng','127.0.0.1','内网IP','Chrome 10','Windows 10','0','退出成功','2022-04-19 10:29:54'),
(4136,'admin','127.0.0.1','内网IP','Chrome 10','Windows 10','0','登录成功','2022-04-19 10:29:57'),
(4137,'admin','127.0.0.1','内网IP','Chrome 10','Windows 10','0','退出成功','2022-04-19 10:30:02'),
(4138,'lifeng','127.0.0.1','内网IP','Chrome 10','Windows 10','0','登录成功','2022-04-19 10:30:08'),
(4139,'lifeng','127.0.0.1','内网IP','Chrome 10','Windows 10','0','退出成功','2022-04-19 10:31:02'),
(4140,'admin','127.0.0.1','内网IP','Chrome 10','Windows 10','1','验证码错误','2022-04-19 10:31:05'),
(4141,'admin','127.0.0.1','内网IP','Chrome 10','Windows 10','0','登录成功','2022-04-19 10:31:07'),
(4142,'admin','127.0.0.1','内网IP','Chrome 10','Windows 10','0','登录成功','2022-04-19 11:08:49'),
(4143,'admin','127.0.0.1','内网IP','Chrome 10','Windows 10','1','验证码错误','2022-04-19 11:42:22'),
(4144,'admin','127.0.0.1','内网IP','Chrome 10','Windows 10','0','登录成功','2022-04-19 11:42:25'),
(4145,'admin','127.0.0.1','内网IP','Chrome 10','Windows 10','0','退出成功','2022-04-19 11:42:37'),
(4146,'lifeng','127.0.0.1','内网IP','Chrome 10','Windows 10','0','登录成功','2022-04-19 11:42:42'),
(4147,'lifeng','127.0.0.1','内网IP','Chrome 10','Windows 10','0','退出成功','2022-04-19 11:42:58'),
(4148,'admin','127.0.0.1','内网IP','Chrome 10','Windows 10','0','登录成功','2022-04-19 11:43:01'),
(4149,'admin','127.0.0.1','内网IP','Chrome 10','Windows 10','0','退出成功','2022-04-19 11:43:40'),
(4150,'lifeng','127.0.0.1','内网IP','Chrome 10','Windows 10','0','登录成功','2022-04-19 11:44:35'),
(4151,'lifeng','127.0.0.1','内网IP','Chrome 10','Windows 10','0','退出成功','2022-04-19 11:44:49'),
(4152,'admin','127.0.0.1','内网IP','Chrome 10','Windows 10','0','登录成功','2022-04-19 11:44:54'),
(4153,'admin','127.0.0.1','内网IP','Chrome 10','Windows 10','0','退出成功','2022-04-19 11:45:45'),
(4154,'lifeng','127.0.0.1','内网IP','Chrome 10','Windows 10','0','登录成功','2022-04-19 11:45:50'),
(4155,'lifeng','127.0.0.1','内网IP','Chrome 10','Windows 10','1','用户不存在/密码错误','2022-04-19 11:49:19'),
(4156,'lifeng','127.0.0.1','内网IP','Chrome 10','Windows 10','0','登录成功','2022-04-19 11:49:36'),
(4157,'lifeng','127.0.0.1','内网IP','Chrome 10','Windows 10','0','退出成功','2022-04-19 11:56:32'),
(4158,'admin','127.0.0.1','内网IP','Chrome 10','Windows 10','0','登录成功','2022-04-19 11:56:35'),
(4159,'admin','127.0.0.1','内网IP','Chrome 10','Windows 10','0','退出成功','2022-04-19 12:01:19'),
(4160,'xiansuo','127.0.0.1','内网IP','Chrome 10','Windows 10','1','用户不存在/密码错误','2022-04-19 12:01:29'),
(4161,'xiansuo','127.0.0.1','内网IP','Chrome 10','Windows 10','1','用户不存在/密码错误','2022-04-19 12:01:37'),
(4162,'admin','127.0.0.1','内网IP','Chrome 10','Windows 10','0','登录成功','2022-04-19 12:01:47'),
(4163,'admin','127.0.0.1','内网IP','Chrome 10','Windows 10','0','登录成功','2022-04-19 13:42:54'),
(4164,'admin','127.0.0.1','内网IP','Chrome 10','Windows 10','0','退出成功','2022-04-19 13:44:16'),
(4165,'lifeng','127.0.0.1','内网IP','Chrome 10','Windows 10','1','用户不存在/密码错误','2022-04-19 13:44:24'),
(4166,'lifeng','127.0.0.1','内网IP','Chrome 10','Windows 10','0','登录成功','2022-04-19 13:44:45'),
(4167,'lifeng','127.0.0.1','内网IP','Chrome 10','Windows 10','0','退出成功','2022-04-19 13:45:19'),
(4168,'admin','127.0.0.1','内网IP','Chrome 10','Windows 10','0','登录成功','2022-04-19 13:45:22'),
(4169,'admin','127.0.0.1','内网IP','Chrome 10','Windows 10','0','退出成功','2022-04-19 13:55:26'),
(4170,'lifeng','127.0.0.1','内网IP','Chrome 10','Windows 10','1','验证码错误','2022-04-19 13:55:36'),
(4171,'lifeng','127.0.0.1','内网IP','Chrome 10','Windows 10','0','登录成功','2022-04-19 13:55:40'),
(4172,'lifeng','127.0.0.1','内网IP','Chrome 10','Windows 10','0','退出成功','2022-04-19 14:00:56'),
(4173,'lifeng','127.0.0.1','内网IP','Chrome 10','Windows 10','0','登录成功','2022-04-19 14:01:06'),
(4174,'admin','127.0.0.1','内网IP','Chrome 10','Windows 10','0','登录成功','2022-04-19 14:08:54'),
(4175,'admin','127.0.0.1','内网IP','Chrome 10','Windows 10','0','登录成功','2022-04-19 14:17:57'),
(4176,'admin','127.0.0.1','内网IP','Chrome 10','Windows 10','1','验证码错误','2022-04-19 14:18:51'),
(4177,'admin','127.0.0.1','内网IP','Chrome 10','Windows 10','0','登录成功','2022-04-19 14:18:55'),
(4178,'admin','127.0.0.1','内网IP','Chrome 10','Windows 10','0','退出成功','2022-04-19 14:19:10'),
(4179,'admin','127.0.0.1','内网IP','Chrome 10','Windows 10','0','登录成功','2022-04-19 14:19:21'),
(4180,'admin','127.0.0.1','内网IP','Chrome 10','Windows 10','0','登录成功','2022-04-19 14:20:06'),
(4181,'admin','127.0.0.1','内网IP','Chrome 10','Windows 10','0','登录成功','2022-04-19 14:21:49'),
(4182,'admin','127.0.0.1','内网IP','Chrome 10','Windows 10','0','退出成功','2022-04-19 14:22:08'),
(4183,'admin','127.0.0.1','内网IP','Chrome 10','Windows 10','0','登录成功','2022-04-19 14:22:14'),
(4184,'admin','127.0.0.1','内网IP','Chrome 10','Windows 10','0','退出成功','2022-04-19 14:26:04'),
(4185,'admin','127.0.0.1','内网IP','Chrome 10','Windows 10','0','登录成功','2022-04-19 14:26:17'),
(4186,'admin','127.0.0.1','内网IP','Chrome 10','Windows 10','0','登录成功','2022-04-19 14:53:06'),
(4187,'admin','127.0.0.1','内网IP','Chrome 10','Windows 10','0','退出成功','2022-04-19 14:53:27'),
(4188,'lifeng','127.0.0.1','内网IP','Chrome 10','Windows 10','0','登录成功','2022-04-19 14:53:36'),
(4189,'admin','127.0.0.1','内网IP','Chrome 10','Windows 10','0','登录成功','2022-04-19 14:56:02'),
(4190,'admin','127.0.0.1','内网IP','Chrome 10','Windows 10','0','退出成功','2022-04-19 14:56:24'),
(4191,'lifeng','127.0.0.1','内网IP','Chrome 10','Windows 10','0','登录成功','2022-04-19 14:56:32'),
(4192,'lifeng','127.0.0.1','内网IP','Chrome 10','Windows 10','0','退出成功','2022-04-19 14:56:48'),
(4193,'admin','172.16.43.85','内网IP','Firefox 9','Windows 10','0','登录成功','2022-04-19 15:15:40'),
(4194,'admin','172.16.43.85','内网IP','Firefox 9','Windows 10','0','退出成功','2022-04-19 15:16:42'),
(4195,'zhangsan','172.16.43.85','内网IP','Firefox 9','Windows 10','1','用户不存在/密码错误','2022-04-19 15:16:51'),
(4196,'zhangsan','172.16.43.85','内网IP','Firefox 9','Windows 10','0','登录成功','2022-04-19 15:16:54'),
(4197,'lisi','172.16.43.85','内网IP','Chrome 10','Windows 10','0','登录成功','2022-04-19 15:18:32'),
(4198,'lisi','172.16.43.85','内网IP','Chrome 10','Windows 10','0','退出成功','2022-04-19 15:20:46'),
(4199,'admin','172.16.43.85','内网IP','Chrome 10','Windows 10','0','登录成功','2022-04-19 15:20:49'),
(4200,'admin','172.16.43.85','内网IP','Chrome 10','Windows 10','0','退出成功','2022-04-19 15:21:22'),
(4201,'lisi','172.16.43.85','内网IP','Chrome 10','Windows 10','0','登录成功','2022-04-19 15:21:30'),
(4202,'admin','127.0.0.1','内网IP','Chrome 10','Windows 10','0','登录成功','2022-04-19 15:23:03'),
(4203,'admin','127.0.0.1','内网IP','Chrome 10','Windows 10','0','退出成功','2022-04-19 15:23:30'),
(4204,'admin','127.0.0.1','内网IP','Chrome 10','Windows 10','0','登录成功','2022-04-19 15:23:34'),
(4205,'lisi','127.0.0.1','内网IP','Chrome 10','Windows 10','1','验证码错误','2022-04-19 15:23:45'),
(4206,'lisi','127.0.0.1','内网IP','Chrome 10','Windows 10','0','登录成功','2022-04-19 15:23:49'),
(4207,'admin','127.0.0.1','内网IP','Chrome 10','Windows 10','0','登录成功','2022-04-19 15:24:20'),
(4208,'admin','127.0.0.1','内网IP','Chrome 10','Windows 10','0','退出成功','2022-04-19 15:24:48'),
(4209,'admin','127.0.0.1','内网IP','Chrome 10','Windows 10','0','登录成功','2022-04-19 15:24:54'),
(4210,'admin','127.0.0.1','内网IP','Chrome 10','Windows 10','0','退出成功','2022-04-19 15:41:26'),
(4211,'admin','127.0.0.1','内网IP','Chrome 10','Windows 10','0','登录成功','2022-04-19 15:41:32'),
(4212,'lisi','127.0.0.1','内网IP','Chrome 10','Windows 10','0','退出成功','2022-04-19 15:42:04'),
(4213,'lifeng','127.0.0.1','内网IP','Chrome 10','Windows 10','0','登录成功','2022-04-19 15:42:13'),
(4214,'lifeng','127.0.0.1','内网IP','Chrome 10','Windows 10','0','退出成功','2022-04-19 15:42:25'),
(4215,'admin','127.0.0.1','内网IP','Chrome 10','Windows 10','0','登录成功','2022-04-19 15:42:28'),
(4216,'zhangsan','172.16.43.85','内网IP','Firefox 9','Windows 10','0','退出成功','2022-04-19 15:43:41'),
(4217,'admin','172.16.43.85','内网IP','Firefox 9','Windows 10','0','登录成功','2022-04-19 15:43:45'),
(4218,'admin','172.16.43.85','内网IP','Firefox 9','Windows 10','0','退出成功','2022-04-19 15:44:24'),
(4219,'zhangsan','172.16.43.85','内网IP','Firefox 9','Windows 10','0','登录成功','2022-04-19 15:44:33'),
(4220,'admin','127.0.0.1','内网IP','Chrome 10','Windows 10','0','登录成功','2022-04-19 15:44:45'),
(4221,'lisi','172.16.43.85','内网IP','Chrome 10','Windows 10','0','退出成功','2022-04-19 16:06:54'),
(4222,'lisi1','172.16.43.85','内网IP','Chrome 10','Windows 10','0','登录成功','2022-04-19 16:07:00'),
(4223,'lisi','127.0.0.1','内网IP','Chrome 10','Windows 10','0','登录成功','2022-04-19 17:18:17'),
(4224,'admin','127.0.0.1','内网IP','Chrome 10','Windows 10','1','验证码错误','2022-04-19 18:08:48'),
(4225,'admin','127.0.0.1','内网IP','Chrome 10','Windows 10','0','登录成功','2022-04-19 18:08:52'),
(4226,'admin','127.0.0.1','内网IP','Chrome 10','Windows 10','0','退出成功','2022-04-19 18:09:20'),
(4227,'zhangsan','127.0.0.1','内网IP','Chrome 10','Windows 10','0','登录成功','2022-04-19 18:09:30'),
(4228,'zhangsan','127.0.0.1','内网IP','Chrome 10','Windows 10','0','退出成功','2022-04-19 18:10:10'),
(4229,'lisi','127.0.0.1','内网IP','Chrome 10','Windows 10','1','验证码错误','2022-04-19 18:10:20'),
(4230,'lisi','127.0.0.1','内网IP','Chrome 10','Windows 10','0','登录成功','2022-04-19 18:10:25'),
(4231,'lisi','127.0.0.1','内网IP','Chrome 10','Windows 10','0','退出成功','2022-04-19 18:17:01'),
(4232,'admin','127.0.0.1','内网IP','Chrome 10','Windows 10','0','登录成功','2022-04-19 18:17:04'),
(4233,'admin','127.0.0.1','内网IP','Chrome 10','Windows 10','0','登录成功','2022-04-19 21:24:11'),
(4234,'lifeng','127.0.0.1','内网IP','Chrome 10','Windows 10','0','登录成功','2022-04-19 21:25:59'),
(4235,'lifeng','127.0.0.1','内网IP','Chrome 10','Windows 10','0','退出成功','2022-04-19 21:35:33'),
(4236,'admin','127.0.0.1','内网IP','Chrome 10','Windows 10','1','验证码错误','2022-04-19 21:35:38'),
(4237,'admin','127.0.0.1','内网IP','Chrome 10','Windows 10','0','登录成功','2022-04-19 21:35:41'),
(4238,'zhangsan','127.0.0.1','内网IP','Chrome 10','Windows 10','0','退出成功','2022-04-19 23:40:53'),
(4239,'admin','127.0.0.1','内网IP','Chrome 10','Windows 10','0','登录成功','2022-04-19 23:40:57'),
(4240,'admin','127.0.0.1','内网IP','Chrome 10','Windows 10','0','退出成功','2022-04-19 23:41:07'),
(4241,'admin','127.0.0.1','内网IP','Chrome 10','Windows 10','1','用户不存在/密码错误','2022-04-19 23:41:15'),
(4242,'admin','127.0.0.1','内网IP','Chrome 10','Windows 10','1','用户不存在/密码错误','2022-04-19 23:41:18'),
(4243,'admin','127.0.0.1','内网IP','Chrome 10','Windows 10','1','验证码错误','2022-04-19 23:41:21'),
(4244,'admin','127.0.0.1','内网IP','Chrome 10','Windows 10','1','用户不存在/密码错误','2022-04-19 23:41:26'),
(4245,'admin','127.0.0.1','内网IP','Chrome 10','Windows 10','1','用户不存在/密码错误','2022-04-19 23:41:30'),
(4246,'admin','127.0.0.1','内网IP','Chrome 10','Windows 10','1','验证码错误','2022-04-19 23:41:36'),
(4247,'admin','127.0.0.1','内网IP','Chrome 10','Windows 10','0','登录成功','2022-04-19 23:41:38'),
(4248,'admin','127.0.0.1','内网IP','Chrome 10','Windows 10','0','退出成功','2022-04-19 23:42:31'),
(4249,'zhangsan1','127.0.0.1','内网IP','Chrome 10','Windows 10','0','登录成功','2022-04-19 23:42:39'),
(4250,'zhangsan1','127.0.0.1','内网IP','Chrome 10','Windows 10','0','退出成功','2022-04-19 23:45:32'),
(4251,'zhangsan3','127.0.0.1','内网IP','Chrome 10','Windows 10','0','登录成功','2022-04-19 23:45:40'),
(4252,'zhangsan3','127.0.0.1','内网IP','Chrome 10','Windows 10','0','退出成功','2022-04-19 23:46:19'),
(4253,'zhangsan','127.0.0.1','内网IP','Chrome 10','Windows 10','1','验证码错误','2022-04-19 23:48:11'),
(4254,'zhangsan','127.0.0.1','内网IP','Chrome 10','Windows 10','1','验证码错误','2022-04-19 23:48:15'),
(4255,'zhangsan','127.0.0.1','内网IP','Chrome 10','Windows 10','1','验证码错误','2022-04-19 23:48:20'),
(4256,'zhangsan','127.0.0.1','内网IP','Chrome 10','Windows 10','1','验证码错误','2022-04-19 23:48:22'),
(4257,'zhangsan','127.0.0.1','内网IP','Chrome 10','Windows 10','0','登录成功','2022-04-19 23:48:26'),
(4258,'zhangsan','127.0.0.1','内网IP','Chrome 10','Windows 10','0','退出成功','2022-04-19 23:59:32'),
(4259,'admin','127.0.0.1','内网IP','Chrome 10','Windows 10','0','登录成功','2022-04-19 23:59:35'),
(4260,'admin','127.0.0.1','内网IP','Chrome 10','Windows 10','0','退出成功','2022-04-20 00:00:42'),
(4261,'zhangsan1','127.0.0.1','内网IP','Chrome 10','Windows 10','0','登录成功','2022-04-20 00:01:12'),
(4262,'zhangsan1','127.0.0.1','内网IP','Chrome 10','Windows 10','0','退出成功','2022-04-20 00:03:14'),
(4263,'admin','127.0.0.1','内网IP','Chrome 10','Windows 10','0','登录成功','2022-04-20 00:03:16'),
(4264,'admin','127.0.0.1','内网IP','Chrome 10','Windows 10','0','退出成功','2022-04-20 00:06:37'),
(4265,'zhangsan','127.0.0.1','内网IP','Chrome 10','Windows 10','0','登录成功','2022-04-20 00:06:47'),
(4266,'zhangsan','127.0.0.1','内网IP','Chrome 10','Windows 10','0','退出成功','2022-04-20 00:07:13'),
(4267,'lifeng','127.0.0.1','内网IP','Chrome 10','Windows 10','1','验证码已失效','2022-04-20 00:14:37'),
(4268,'lifeng','127.0.0.1','内网IP','Chrome 10','Windows 10','1','验证码错误','2022-04-20 00:14:40'),
(4269,'lifeng','127.0.0.1','内网IP','Chrome 10','Windows 10','0','登录成功','2022-04-20 00:14:43'),
(4270,'lifeng','127.0.0.1','内网IP','Chrome 10','Windows 10','0','退出成功','2022-04-20 00:18:09'),
(4271,'lifeng','127.0.0.1','内网IP','Chrome 10','Windows 10','0','登录成功','2022-04-20 00:18:16'),
(4272,'lifeng','127.0.0.1','内网IP','Chrome 10','Windows 10','0','退出成功','2022-04-20 00:37:53'),
(4273,'zhangsan','127.0.0.1','内网IP','Chrome 10','Windows 10','0','登录成功','2022-04-20 00:38:03'),
(4274,'zhangsan','127.0.0.1','内网IP','Chrome 10','Windows 10','0','退出成功','2022-04-20 00:44:00'),
(4275,'admin','127.0.0.1','内网IP','Chrome 10','Windows 10','0','登录成功','2022-04-20 00:44:05'),
(4276,'admin','127.0.0.1','内网IP','Chrome 10','Windows 10','0','退出成功','2022-04-20 00:45:45'),
(4277,'zhangsan1','127.0.0.1','内网IP','Chrome 10','Windows 10','0','登录成功','2022-04-20 00:45:56');

/*Table structure for table `sys_menu` */

DROP TABLE IF EXISTS `sys_menu`;

CREATE TABLE `sys_menu` (
  `menu_id` bigint NOT NULL AUTO_INCREMENT COMMENT '菜单ID',
  `menu_name` varchar(50) CHARACTER SET utf8 COLLATE utf8_bin NOT NULL COMMENT '菜单名称',
  `parent_id` bigint DEFAULT '0' COMMENT '父菜单ID',
  `order_num` int DEFAULT '0' COMMENT '显示顺序',
  `path` varchar(200) CHARACTER SET utf8 COLLATE utf8_bin DEFAULT '' COMMENT '路由地址',
  `component` varchar(255) CHARACTER SET utf8 COLLATE utf8_bin DEFAULT NULL COMMENT '组件路径',
  `is_frame` int DEFAULT '1' COMMENT '是否为外链（0是 1否）',
  `is_cache` int DEFAULT '0' COMMENT '是否缓存（0缓存 1不缓存）',
  `menu_type` char(1) CHARACTER SET utf8 COLLATE utf8_bin DEFAULT '' COMMENT '菜单类型（M目录 C菜单 F按钮）',
  `visible` char(1) CHARACTER SET utf8 COLLATE utf8_bin DEFAULT '0' COMMENT '菜单状态（0显示 1隐藏）',
  `status` char(1) CHARACTER SET utf8 COLLATE utf8_bin DEFAULT '0' COMMENT '菜单状态（0正常 1停用）',
  `perms` varchar(100) CHARACTER SET utf8 COLLATE utf8_bin DEFAULT NULL COMMENT '权限标识',
  `icon` varchar(100) CHARACTER SET utf8 COLLATE utf8_bin DEFAULT '#' COMMENT '菜单图标',
  `create_by` varchar(64) CHARACTER SET utf8 COLLATE utf8_bin DEFAULT '' COMMENT '创建者',
  `create_time` datetime DEFAULT NULL COMMENT '创建时间',
  `update_by` varchar(64) CHARACTER SET utf8 COLLATE utf8_bin DEFAULT '' COMMENT '更新者',
  `update_time` datetime DEFAULT NULL COMMENT '更新时间',
  `remark` varchar(500) CHARACTER SET utf8 COLLATE utf8_bin DEFAULT '' COMMENT '备注',
  PRIMARY KEY (`menu_id`)
) ENGINE=InnoDB AUTO_INCREMENT=2083 DEFAULT CHARSET=utf8 COLLATE=utf8_bin COMMENT='菜单权限表';

/*Data for the table `sys_menu` */

insert  into `sys_menu`(`menu_id`,`menu_name`,`parent_id`,`order_num`,`path`,`component`,`is_frame`,`is_cache`,`menu_type`,`visible`,`status`,`perms`,`icon`,`create_by`,`create_time`,`update_by`,`update_time`,`remark`) values 
(1,'系统管理',0,6,'system',NULL,1,0,'M','0','0','','icon_menu_xtgl','admin','2021-03-31 03:12:10','admin','2021-04-15 06:10:52','系统管理目录'),
(100,'用户管理',2024,1,'user','system/user/index',1,0,'C','0','0','system:user:list','user','admin','2021-03-31 03:12:10','admin','2021-04-13 02:28:18','用户管理菜单'),
(101,'角色管理',2024,2,'role','system/role/index',1,0,'C','0','0','system:role:list','peoples','admin','2021-03-31 03:12:10','admin','2021-04-13 02:28:31','角色管理菜单'),
(102,'菜单管理',2024,3,'menu','system/menu/index',1,0,'C','0','0','system:menu:list','tree-table','admin','2021-03-31 03:12:10','admin','2021-04-13 02:28:46','菜单管理菜单'),
(103,'部门管理',2024,4,'dept','system/dept/index',1,0,'C','0','0','system:dept:list','tree','admin','2021-03-31 03:12:10','admin','2021-04-13 02:29:00','部门管理菜单'),
(104,'岗位管理',2024,5,'post','system/post/index',1,0,'C','0','0','system:post:list','post','admin','2021-03-31 03:12:10','admin','2021-04-13 02:29:13','岗位管理菜单'),
(105,'字典管理',1,3,'dict','system/dict/index',1,0,'C','0','0','system:dict:list','icon_menu_zdgl','admin','2021-03-31 03:12:10','admin','2021-04-13 03:34:47','字典管理菜单'),
(108,'日志管理',1,9,'log','',1,0,'M','1','0','','log','admin','2021-03-31 03:12:10','admin','2021-04-01 11:04:39','日志管理菜单'),
(500,'操作日志',108,10,'operlog','monitor/operlog/index',1,0,'C','0','0','monitor:operlog:list','form','admin','2021-03-31 03:12:11','admin','2021-04-13 02:41:56','操作日志菜单'),
(501,'登录日志',108,11,'logininfor','monitor/logininfor/index',1,0,'C','0','0','monitor:logininfor:list','logininfor','admin','2021-03-31 03:12:11','admin','2021-04-13 02:42:04','登录日志菜单'),
(1001,'用户查询',100,1,'','',1,0,'F','0','0','system:user:query','#','admin','2021-03-31 03:12:11','',NULL,''),
(1002,'用户新增',100,2,'','',1,0,'F','0','0','system:user:add','#','admin','2021-03-31 03:12:11','',NULL,''),
(1003,'用户修改',100,3,'','',1,0,'F','0','0','system:user:edit','#','admin','2021-03-31 03:12:11','',NULL,''),
(1004,'用户删除',100,4,'','',1,0,'F','0','0','system:user:remove','#','admin','2021-03-31 03:12:11','',NULL,''),
(1005,'用户导出',100,5,'','',1,0,'F','0','0','system:user:export','#','admin','2021-03-31 03:12:11','',NULL,''),
(1006,'用户导入',100,6,'','',1,0,'F','0','0','system:user:import','#','admin','2021-03-31 03:12:11','',NULL,''),
(1007,'重置密码',100,7,'','',1,0,'F','0','0','system:user:resetPwd','#','admin','2021-03-31 03:12:11','',NULL,''),
(1008,'角色查询',101,1,'','',1,0,'F','0','0','system:role:query','#','admin','2021-03-31 03:12:11','',NULL,''),
(1009,'角色新增',101,2,'','',1,0,'F','0','0','system:role:add','#','admin','2021-03-31 03:12:11','',NULL,''),
(1010,'角色修改',101,3,'','',1,0,'F','0','0','system:role:edit','#','admin','2021-03-31 03:12:11','',NULL,''),
(1011,'角色删除',101,4,'','',1,0,'F','0','0','system:role:remove','#','admin','2021-03-31 03:12:11','',NULL,''),
(1012,'角色导出',101,5,'','',1,0,'F','0','0','system:role:export','#','admin','2021-03-31 03:12:11','',NULL,''),
(1013,'菜单查询',102,1,'','',1,0,'F','0','0','system:menu:query','#','admin','2021-03-31 03:12:11','',NULL,''),
(1014,'菜单新增',102,2,'','',1,0,'F','0','0','system:menu:add','#','admin','2021-03-31 03:12:11','',NULL,''),
(1015,'菜单修改',102,3,'','',1,0,'F','0','0','system:menu:edit','#','admin','2021-03-31 03:12:11','',NULL,''),
(1016,'菜单删除',102,4,'','',1,0,'F','0','0','system:menu:remove','#','admin','2021-03-31 03:12:11','',NULL,''),
(1017,'部门查询',103,1,'','',1,0,'F','0','0','system:dept:query','#','admin','2021-03-31 03:12:11','',NULL,''),
(1018,'部门新增',103,2,'','',1,0,'F','0','0','system:dept:add','#','admin','2021-03-31 03:12:11','',NULL,''),
(1019,'部门修改',103,3,'','',1,0,'F','0','0','system:dept:edit','#','admin','2021-03-31 03:12:11','',NULL,''),
(1020,'部门删除',103,4,'','',1,0,'F','0','0','system:dept:remove','#','admin','2021-03-31 03:12:11','',NULL,''),
(1021,'岗位查询',104,1,'','',1,0,'F','0','0','system:post:query','#','admin','2021-03-31 03:12:11','',NULL,''),
(1022,'岗位新增',104,2,'','',1,0,'F','0','0','system:post:add','#','admin','2021-03-31 03:12:11','',NULL,''),
(1023,'岗位修改',104,3,'','',1,0,'F','0','0','system:post:edit','#','admin','2021-03-31 03:12:11','',NULL,''),
(1024,'岗位删除',104,4,'','',1,0,'F','0','0','system:post:remove','#','admin','2021-03-31 03:12:12','',NULL,''),
(1025,'岗位导出',104,5,'','',1,0,'F','0','0','system:post:export','#','admin','2021-03-31 03:12:12','',NULL,''),
(1026,'字典查询',105,1,'#','',1,0,'F','0','0','system:dict:query','#','admin','2021-03-31 03:12:12','',NULL,''),
(1027,'字典新增',105,2,'#','',1,0,'F','0','0','system:dict:add','#','admin','2021-03-31 03:12:12','',NULL,''),
(1028,'字典修改',105,3,'#','',1,0,'F','0','0','system:dict:edit','#','admin','2021-03-31 03:12:12','',NULL,''),
(1029,'字典删除',105,4,'#','',1,0,'F','0','0','system:dict:remove','#','admin','2021-03-31 03:12:12','',NULL,''),
(1030,'字典导出',105,5,'#','',1,0,'F','0','0','system:dict:export','#','admin','2021-03-31 03:12:12','',NULL,''),
(1040,'操作查询',500,1,'#','',1,0,'F','0','0','monitor:operlog:query','#','admin','2021-03-31 03:12:12','',NULL,''),
(1041,'操作删除',500,2,'#','',1,0,'F','0','0','monitor:operlog:remove','#','admin','2021-03-31 03:12:12','',NULL,''),
(1042,'日志导出',500,4,'#','',1,0,'F','0','0','monitor:operlog:export','#','admin','2021-03-31 03:12:12','',NULL,''),
(1043,'登录查询',501,1,'#','',1,0,'F','0','0','monitor:logininfor:query','#','admin','2021-03-31 03:12:12','',NULL,''),
(1044,'登录删除',501,2,'#','',1,0,'F','0','0','monitor:logininfor:remove','#','admin','2021-03-31 03:12:12','',NULL,''),
(1045,'日志导出',501,3,'#','',1,0,'F','0','0','monitor:logininfor:export','#','admin','2021-03-31 03:12:12','',NULL,''),
(2001,'商机管理',0,2,'business','clues/business/index',1,0,'C','0','0','business:business:list','icon_menu_sjgl','admin','2021-03-31 09:39:34','admin','2021-04-27 09:34:06',''),
(2002,'合同管理',0,3,'contract','clues/contract/index',1,0,'C','0','0','contract:contract:list','icon_menu_htgl','admin','2021-03-31 09:40:27','admin','2021-05-21 07:35:07',''),
(2003,'活动管理',0,4,'activity','clues/activity/index',1,0,'C','0','0','clues:activity:list','icon_menu_hdgl','admin','2021-04-01 02:56:38','admin','2021-04-27 03:21:08','活动管理菜单'),
(2004,'活动管理查询',2003,1,'#','',1,0,'F','0','0','clues:activity:query','#','admin','2021-04-01 02:56:38','admin','2021-04-01 03:08:39',''),
(2005,'活动管理新增',2003,2,'#','',1,0,'F','0','0','clues:activity:add','#','admin','2021-04-01 02:56:38','admin','2021-04-01 03:08:50',''),
(2006,'活动管理修改',2003,3,'#','',1,0,'F','0','0','clues:activity:edit','#','admin','2021-04-01 02:56:38','admin','2021-04-01 03:09:04',''),
(2007,'活动管理删除',2003,4,'#','',1,0,'F','0','0','clues:activity:remove','#','admin','2021-04-01 02:56:38','admin','2021-04-01 03:09:14',''),
(2008,'活动管理导出',2003,5,'#','',1,0,'F','0','0','clues:activity:export','#','admin','2021-04-01 02:56:38','admin','2021-04-01 03:09:31',''),
(2009,'课程管理',0,4,'course','clues/course/index',1,0,'C','0','0','clues:course:list','icon_menu_kcgl','admin','2021-04-01 10:14:16','admin','2021-04-13 02:04:05','课程管理菜单'),
(2010,'课程管理查询',2009,1,'#','',1,0,'F','0','0','clues:course:query','#','admin','2021-04-01 10:14:16','',NULL,''),
(2011,'课程管理新增',2009,2,'#','',1,0,'F','0','0','clues:course:add','#','admin','2021-04-01 10:14:16','',NULL,''),
(2012,'课程管理修改',2009,3,'#','',1,0,'F','0','0','clues:course:edit','#','admin','2021-04-01 10:14:16','',NULL,''),
(2013,'课程管理删除',2009,4,'#','',1,0,'F','0','0','clues:course:remove','#','admin','2021-04-01 10:14:16','',NULL,''),
(2015,'线索管理',0,1,'clue','clues/clue/index',1,0,'C','0','0','clues:clue:list','icon_menu_xsgl','admin','2021-04-02 09:02:31','admin','2021-04-13 02:03:06','线索管理菜单'),
(2016,'线索管理查询',2015,1,'#','',1,0,'F','0','0','clues:clue:query','#','admin','2021-04-02 09:02:31','',NULL,''),
(2017,'线索管理新增',2015,2,'#','',1,0,'F','0','0','clues:clue:add','#','admin','2021-04-02 09:02:31','',NULL,''),
(2018,'线索管理跟进',2015,3,'#','',1,0,'F','0','0','clues:record:add','#','admin','2021-04-02 09:02:31','admin','2021-05-19 09:28:18',''),
(2019,'线索管理删除',2015,4,'#','',1,0,'F','0','0','clues:clue:remove','#','admin','2021-04-02 09:02:31','',NULL,''),
(2022,'线索管理查看',2015,6,'',NULL,1,0,'F','0','0','clues:clue:info','#','admin','2021-04-08 10:07:48','',NULL,''),
(2023,'线索管理分配',2015,7,'',NULL,1,0,'F','0','0','clues:clue:assignment','#','admin','2021-04-08 10:08:49','admin','2021-05-19 09:27:49',''),
(2024,'权限管理',1,2,'permission',NULL,1,0,'M','0','0',NULL,'icon_menu_qxgl','admin','2021-04-13 02:27:50','',NULL,''),
(2025,'线索配置',1,4,'clew','system/clew/index',1,0,'C','0','0','system:clew:list','icon_menu_xspz','admin','2021-04-13 03:11:34','admin','2021-04-13 03:32:24',''),
(2026,'商机配置',1,6,'opportunity','system/opportunity/index',1,0,'C','0','0','system:opportunity:list','icon_menu_sjpz','admin','2021-04-13 03:34:06','admin','2021-04-26 08:16:57',''),
(2027,'统计分析',0,5,'countAnalysis','clues/countAnalysis/index',1,0,'C','0','0','clues:countAnalysis:list','icon_menu_tjfx','admin','2021-04-15 06:06:56','admin','2021-11-05 08:56:10',''),
(2028,'商机管理查询',2001,1,'',NULL,1,0,'F','0','0','business:business:query','#','admin','2021-04-26 05:40:08','admin','2021-04-27 09:49:30',''),
(2029,'商机管理新增',2001,2,'',NULL,1,0,'F','0','0','business:business:add','#','admin','2021-04-26 05:40:46','admin','2021-04-27 09:49:37',''),
(2031,'商机管理查看',2001,4,'',NULL,1,0,'F','0','0','business:business:info','#','admin','2021-04-26 05:42:03','admin','2021-04-27 09:49:56',''),
(2032,'商机管理分配',2001,5,'',NULL,1,0,'F','0','0','business:business:assignment','#','admin','2021-04-26 05:42:29','admin','2021-05-19 09:11:29',''),
(2033,'活动管理通过',2003,6,'',NULL,1,0,'F','0','0','clues:activity:pass','#','admin','2021-04-26 06:47:54','admin','2021-05-31 10:25:41',''),
(2034,'通知中心',1,8,'noticeCenter','system/noticeCenter/index',1,0,'C','0','0','system:noticeCenter:list','icon_menu_tzzx','admin','2021-04-26 07:04:59','admin','2021-04-26 07:05:33',''),
(2035,'转派管理',0,5,'transferManage','clues/transferManage/index',1,0,'C','0','0','transfer:transfer:list','example','admin','2021-04-26 10:09:13','admin','2021-11-05 08:56:03',''),
(2042,'系统日志',1,9,'systemLog','system/systemLog/index',1,0,'C','0','0','system:systemLog:list','icon_menu_xtrz','admin','2021-04-28 10:04:59','',NULL,''),
(2043,'商机跟进',2001,6,'',NULL,1,0,'F','0','0','business:record:add','#','admin','2021-05-14 07:16:18','admin','2021-05-14 07:18:29',''),
(2044,'踢回公海',2001,8,'',NULL,1,0,'F','0','0','business:business:back','#','admin','2021-05-14 07:18:11','admin','2021-05-14 07:18:44',''),
(2045,'查询公海池',2001,9,'',NULL,1,0,'F','0','0','business:business:pool','#','admin','2021-05-14 07:26:41','admin','2021-05-14 07:32:35',''),
(2046,'线索池',2015,8,'',NULL,1,0,'F','0','0','clues:clue:pool','#','admin','2021-05-14 07:32:07','admin','2021-05-14 07:33:00',''),
(2047,'线索跟进记录',2015,9,'',NULL,1,0,'F','0','0','clues:record:list','#','admin','2021-05-17 02:47:10','',NULL,''),
(2048,'线索管理批量添加',2015,10,'',NULL,1,0,'F','0','0','clues:clue:batchAdd','#','admin','2021-05-19 09:04:37','admin','2021-05-19 09:05:27',''),
(2049,'商机捞取',2001,10,'',NULL,1,0,'F','0','0','business:business:gain','#','admin','2021-05-19 09:13:40','',NULL,''),
(2051,'活动查看',2001,11,'',NULL,1,0,'F','0','0','clues:activity:list','#','admin','2021-05-20 01:46:35','',NULL,''),
(2052,'合同查询',2002,1,'',NULL,1,0,'F','0','0','contract:contract:query','#','admin','2021-05-21 07:35:53','admin','2021-05-21 07:36:30',''),
(2053,'合同新增',2002,2,'',NULL,1,0,'F','0','0','contract:contract:add','#','admin','2021-05-21 07:36:23','',NULL,''),
(2059,'线索捞取',2015,11,'clues:clue:gain',NULL,1,0,'F','0','0','clues:clue:gain','#','admin','2021-05-25 06:19:10','admin','2021-05-25 06:19:27',''),
(2065,'活动管理驳回',2003,7,'',NULL,1,0,'F','0','0','clues:activity:reject','#','admin','2021-05-31 10:26:18','',NULL,''),
(2066,'商机转合同',2001,14,'',NULL,1,0,'F','0','0','contract:contract:change','#','admin','2021-06-01 09:21:16','',NULL,''),
(2067,'合同基本信息查看',2002,10,'',NULL,1,0,'F','0','0','contract:contract:detail','#','admin','2021-06-02 07:44:27','',NULL,''),
(2068,'首页',0,0,'index','indexHome',1,0,'C','0','0','indexHome:list','icon_menu_home','admin','2021-06-23 08:34:29','admin','2021-07-01 07:11:01',''),
(2069,'首页基础数据查询',2068,1,'',NULL,1,0,'F','0','0','indexHome:baseQuery','#','admin','2021-06-23 08:59:31','',NULL,''),
(2070,'首页今日简报',2068,2,'',NULL,1,0,'F','0','0','indexHome:todayQuery','#','admin','2021-06-23 09:00:26','',NULL,''),
(2071,'首页待办',2068,3,'',NULL,1,0,'F','0','0','indexHome:todoQuery','#','admin','2021-06-23 09:01:35','',NULL,''),
(2072,'首页漏斗图',2068,4,'',NULL,1,0,'F','0','0','indexHome:funnelQuery','#','admin','2021-06-23 09:02:13','',NULL,''),
(2073,'首页销售龙虎榜',2068,5,'',NULL,1,0,'F','0','0','indexHome:saleQuery','#','admin','2021-06-23 09:02:48','',NULL,''),
(2074,'首页商机龙虎榜',2068,6,'',NULL,1,0,'F','0','0','indexHome:businessQuery','#','admin','2021-06-23 09:03:32','',NULL,''),
(2077,'线索转商机',2015,12,'clues:clue:changeBusiness',NULL,1,0,'F','0','0','clues:clue:changeBusiness','#','admin','2021-06-23 09:03:32','admin','2021-06-23 09:03:32','线索转商机'),
(2078,'转派处理',2035,0,'transfer:transfer:assignment',NULL,1,0,'F','0','0','transfer:transfer:assignment','#','admin','2021-06-23 09:03:32','admin','2021-06-23 09:03:32','转派管理'),
(2079,'商机跟进记录列表查询',2001,6,'business:record:list',NULL,1,0,'F','0','0','business:record:list','#','admin','2021-06-23 09:02:48','',NULL,'商机跟进记录'),
(2080,'合同详情预览',2002,6,'contract:contract:info',NULL,1,0,'F','0','0','contract:contract:info','#','admin','2021-06-23 09:02:48','admin','2021-06-23 09:02:48','合同详情'),
(2081,'退回公海',2001,11,'business:business:back',NULL,1,0,'F','0','0','business:business:back','#','admin','2021-06-23 09:02:48','admin','2021-06-23 09:02:48','退回公海'),
(2082,'伪线索',2015,8,'clues:clue:false',NULL,1,0,'F','0','0','clues:clue:false','#','admin','2021-06-23 09:02:48','admin','2021-06-23 09:02:48','伪线索');

/*Table structure for table `sys_notice` */

DROP TABLE IF EXISTS `sys_notice`;

CREATE TABLE `sys_notice` (
  `notice_id` int NOT NULL AUTO_INCREMENT COMMENT '公告ID',
  `notice_title` varchar(50) CHARACTER SET utf8 COLLATE utf8_bin NOT NULL COMMENT '公告标题',
  `notice_type` char(1) CHARACTER SET utf8 COLLATE utf8_bin NOT NULL COMMENT '公告类型（1通知 2公告）',
  `notice_content` longblob COMMENT '公告内容',
  `status` char(1) CHARACTER SET utf8 COLLATE utf8_bin DEFAULT '0' COMMENT '公告状态（0正常 1关闭）',
  `create_by` varchar(64) CHARACTER SET utf8 COLLATE utf8_bin DEFAULT '' COMMENT '创建者',
  `create_time` datetime DEFAULT NULL COMMENT '创建时间',
  `update_by` varchar(64) CHARACTER SET utf8 COLLATE utf8_bin DEFAULT '' COMMENT '更新者',
  `update_time` datetime DEFAULT NULL COMMENT '更新时间',
  `remark` varchar(255) CHARACTER SET utf8 COLLATE utf8_bin DEFAULT NULL COMMENT '备注',
  `notice_user_id` bigint DEFAULT NULL,
  PRIMARY KEY (`notice_id`)
) ENGINE=InnoDB AUTO_INCREMENT=13 DEFAULT CHARSET=utf8 COLLATE=utf8_bin COMMENT='通知公告表';

/*Data for the table `sys_notice` */

/*Table structure for table `sys_oper_log` */

DROP TABLE IF EXISTS `sys_oper_log`;

CREATE TABLE `sys_oper_log` (
  `oper_id` bigint NOT NULL AUTO_INCREMENT COMMENT '日志主键',
  `title` varchar(50) CHARACTER SET utf8 COLLATE utf8_bin DEFAULT '' COMMENT '模块标题',
  `business_type` int DEFAULT '0' COMMENT '业务类型（0其它 1新增 2修改 3删除）',
  `method` varchar(100) CHARACTER SET utf8 COLLATE utf8_bin DEFAULT '' COMMENT '方法名称',
  `request_method` varchar(10) CHARACTER SET utf8 COLLATE utf8_bin DEFAULT '' COMMENT '请求方式',
  `operator_type` int DEFAULT '0' COMMENT '操作类别（0其它 1后台用户 2手机端用户）',
  `oper_name` varchar(50) CHARACTER SET utf8 COLLATE utf8_bin DEFAULT '' COMMENT '操作人员',
  `dept_name` varchar(50) CHARACTER SET utf8 COLLATE utf8_bin DEFAULT '' COMMENT '部门名称',
  `oper_url` varchar(255) CHARACTER SET utf8 COLLATE utf8_bin DEFAULT '' COMMENT '请求URL',
  `oper_ip` varchar(128) CHARACTER SET utf8 COLLATE utf8_bin DEFAULT '' COMMENT '主机地址',
  `oper_location` varchar(255) CHARACTER SET utf8 COLLATE utf8_bin DEFAULT '' COMMENT '操作地点',
  `oper_param` varchar(2000) CHARACTER SET utf8 COLLATE utf8_bin DEFAULT '' COMMENT '请求参数',
  `json_result` varchar(2000) CHARACTER SET utf8 COLLATE utf8_bin DEFAULT '' COMMENT '返回参数',
  `status` int DEFAULT '0' COMMENT '操作状态（0正常 1异常）',
  `error_msg` varchar(2000) CHARACTER SET utf8 COLLATE utf8_bin DEFAULT '' COMMENT '错误消息',
  `oper_time` datetime DEFAULT NULL COMMENT '操作时间',
  PRIMARY KEY (`oper_id`)
) ENGINE=InnoDB AUTO_INCREMENT=21240 DEFAULT CHARSET=utf8 COLLATE=utf8_bin COMMENT='操作日志记录';

/*Data for the table `sys_oper_log` */

insert  into `sys_oper_log`(`oper_id`,`title`,`business_type`,`method`,`request_method`,`operator_type`,`oper_name`,`dept_name`,`oper_url`,`oper_ip`,`oper_location`,`oper_param`,`json_result`,`status`,`error_msg`,`oper_time`) values 
(21052,'角色管理',1,'com.huike.web.controller.system.SysRoleController.add()','POST',1,'admin',NULL,'/system/role','127.0.0.1','内网IP','{\"flag\":false,\"roleId\":120,\"admin\":false,\"params\":{},\"roleSort\":\"0\",\"deptCheckStrictly\":true,\"createBy\":\"admin\",\"menuCheckStrictly\":true,\"roleKey\":\"xiansuo\",\"roleName\":\"市场专员（线索）\",\"deptIds\":[],\"menuIds\":[],\"status\":\"0\"}','{\"msg\":\"操作成功\",\"code\":200}',0,NULL,'2022-04-18 09:20:37'),
(21053,'角色管理',1,'com.huike.web.controller.system.SysRoleController.add()','POST',1,'admin',NULL,'/system/role','127.0.0.1','内网IP','{\"flag\":false,\"roleId\":121,\"admin\":false,\"params\":{},\"roleSort\":\"3\",\"deptCheckStrictly\":true,\"createBy\":\"admin\",\"menuCheckStrictly\":true,\"roleKey\":\"shangji\",\"roleName\":\"销售专员(商机)\",\"deptIds\":[],\"menuIds\":[],\"status\":\"0\"}','{\"msg\":\"操作成功\",\"code\":200}',0,NULL,'2022-04-18 09:21:03'),
(21054,'角色管理',2,'com.huike.web.controller.system.SysRoleController.edit()','PUT',1,'admin',NULL,'/system/role','127.0.0.1','内网IP','{\"flag\":false,\"roleId\":120,\"admin\":false,\"dataScope\":\"1\",\"delFlag\":\"0\",\"params\":{},\"roleSort\":\"2\",\"deptCheckStrictly\":true,\"createTime\":1650244837000,\"updateBy\":\"admin\",\"menuCheckStrictly\":true,\"roleKey\":\"xiansuo\",\"roleName\":\"市场专员（线索）\",\"menuIds\":[],\"status\":\"0\"}','{\"msg\":\"操作成功\",\"code\":200}',0,NULL,'2022-04-18 09:21:10'),
(21055,'角色管理',1,'com.huike.web.controller.system.SysRoleController.add()','POST',1,'admin',NULL,'/system/role','127.0.0.1','内网IP','{\"flag\":false,\"roleId\":122,\"admin\":false,\"params\":{},\"roleSort\":\"4\",\"deptCheckStrictly\":true,\"createBy\":\"admin\",\"menuCheckStrictly\":true,\"roleKey\":\"zg\",\"roleName\":\"销售主管(管理所有销售)\",\"deptIds\":[],\"menuIds\":[],\"status\":\"0\"}','{\"msg\":\"操作成功\",\"code\":200}',0,NULL,'2022-04-18 09:21:29'),
(21056,'角色管理',2,'com.huike.web.controller.system.SysRoleController.dataScope()','PUT',1,'admin',NULL,'/system/role/dataScope','127.0.0.1','内网IP','{\"flag\":false,\"roleId\":2,\"admin\":false,\"dataScope\":\"5\",\"delFlag\":\"0\",\"params\":{},\"roleSort\":\"2\",\"deptCheckStrictly\":true,\"createTime\":1650244837000,\"menuCheckStrictly\":true,\"roleKey\":\"xiansuo\",\"roleName\":\"市场专员（线索）\",\"deptIds\":[],\"status\":\"0\"}','{\"msg\":\"操作成功\",\"code\":200}',0,NULL,'2022-04-18 09:23:15'),
(21057,'角色管理',2,'com.huike.web.controller.system.SysRoleController.dataScope()','PUT',1,'admin',NULL,'/system/role/dataScope','127.0.0.1','内网IP','{\"flag\":false,\"roleId\":3,\"admin\":false,\"dataScope\":\"5\",\"delFlag\":\"0\",\"params\":{},\"roleSort\":\"3\",\"deptCheckStrictly\":true,\"createTime\":1650244863000,\"menuCheckStrictly\":true,\"roleKey\":\"shangji\",\"roleName\":\"销售专员(商机)\",\"deptIds\":[],\"status\":\"0\"}','{\"msg\":\"操作成功\",\"code\":200}',0,NULL,'2022-04-18 09:23:19'),
(21058,'角色管理',2,'com.huike.web.controller.system.SysRoleController.dataScope()','PUT',1,'admin',NULL,'/system/role/dataScope','127.0.0.1','内网IP','{\"flag\":false,\"roleId\":4,\"admin\":false,\"dataScope\":\"4\",\"delFlag\":\"0\",\"params\":{},\"roleSort\":\"4\",\"deptCheckStrictly\":true,\"createTime\":1650244889000,\"menuCheckStrictly\":true,\"roleKey\":\"zg\",\"roleName\":\"销售主管(管理所有销售)\",\"deptIds\":[],\"status\":\"0\"}','{\"msg\":\"操作成功\",\"code\":200}',0,NULL,'2022-04-18 09:23:30'),
(21059,'角色管理',2,'com.huike.web.controller.system.SysRoleController.edit()','PUT',1,'admin',NULL,'/system/role','127.0.0.1','内网IP','{\"flag\":false,\"roleId\":1,\"admin\":true,\"dataScope\":\"1\",\"delFlag\":\"0\",\"params\":{},\"roleSort\":\"1\",\"deptCheckStrictly\":true,\"createTime\":1617131530000,\"menuCheckStrictly\":true,\"roleKey\":\"admin\",\"roleName\":\"超级管理员\",\"menuIds\":[2015,2068,2069,2070,2071,2072,2073,2074,2016,2017,2018,2022,2046,2047,2048,2059],\"status\":\"0\"}','null',1,'不允许操作超级管理员角色','2022-04-18 09:24:43'),
(21060,'角色管理',2,'com.huike.web.controller.system.SysRoleController.edit()','PUT',1,'admin',NULL,'/system/role','127.0.0.1','内网IP','{\"flag\":false,\"roleId\":2,\"admin\":false,\"dataScope\":\"5\",\"delFlag\":\"0\",\"params\":{},\"roleSort\":\"2\",\"deptCheckStrictly\":true,\"createTime\":1650244837000,\"updateBy\":\"admin\",\"menuCheckStrictly\":true,\"roleKey\":\"xiansuo\",\"roleName\":\"市场专员（线索）\",\"menuIds\":[2015,2068,2069,2070,2071,2072,2073,2074,2016,2017,2018,2022,2046,2047,2048,2059],\"status\":\"0\"}','{\"msg\":\"操作成功\",\"code\":200}',0,NULL,'2022-04-18 09:25:09'),
(21061,'角色管理',2,'com.huike.web.controller.system.SysRoleController.edit()','PUT',1,'admin',NULL,'/system/role','127.0.0.1','内网IP','{\"flag\":false,\"roleId\":2,\"admin\":false,\"dataScope\":\"5\",\"delFlag\":\"0\",\"params\":{},\"roleSort\":\"2\",\"deptCheckStrictly\":true,\"createTime\":1650244837000,\"updateBy\":\"admin\",\"menuCheckStrictly\":true,\"roleKey\":\"xiansuo\",\"roleName\":\"市场专员（线索）\",\"menuIds\":[2015,1,2068,2069,2070,2071,2072,2073,2074,2016,2017,2018,2022,2046,2047,2048,2059,2034],\"status\":\"0\"}','{\"msg\":\"操作成功\",\"code\":200}',0,NULL,'2022-04-18 09:25:26'),
(21062,'角色管理',2,'com.huike.web.controller.system.SysRoleController.edit()','PUT',1,'admin',NULL,'/system/role','127.0.0.1','内网IP','{\"flag\":false,\"roleId\":3,\"admin\":false,\"dataScope\":\"5\",\"delFlag\":\"0\",\"params\":{},\"roleSort\":\"3\",\"deptCheckStrictly\":true,\"createTime\":1650244863000,\"updateBy\":\"admin\",\"menuCheckStrictly\":true,\"roleKey\":\"shangji\",\"roleName\":\"销售专员(商机)\",\"menuIds\":[2001,2002,2068,2069,2070,2071,2072,2073,2074,2028,2029,2031,2043,2044,2045,2049,2051,2066,2052,2053,2067],\"status\":\"0\"}','{\"msg\":\"操作成功\",\"code\":200}',0,NULL,'2022-04-18 09:28:13'),
(21063,'角色管理',2,'com.huike.web.controller.system.SysRoleController.edit()','PUT',1,'admin',NULL,'/system/role','127.0.0.1','内网IP','{\"flag\":false,\"roleId\":4,\"admin\":false,\"dataScope\":\"4\",\"delFlag\":\"0\",\"params\":{},\"roleSort\":\"4\",\"deptCheckStrictly\":true,\"createTime\":1650244889000,\"updateBy\":\"admin\",\"menuCheckStrictly\":true,\"roleKey\":\"zhuguan\",\"roleName\":\"销售主管(管理所有销售)\",\"menuIds\":[],\"status\":\"0\"}','{\"msg\":\"操作成功\",\"code\":200}',0,NULL,'2022-04-18 10:44:57'),
(21064,'角色管理',2,'com.huike.web.controller.system.SysRoleController.edit()','PUT',1,'admin',NULL,'/system/role','127.0.0.1','内网IP','{\"flag\":false,\"roleId\":3,\"admin\":false,\"dataScope\":\"5\",\"delFlag\":\"0\",\"params\":{},\"roleSort\":\"3\",\"deptCheckStrictly\":true,\"createTime\":1650244863000,\"updateBy\":\"admin\",\"menuCheckStrictly\":true,\"roleKey\":\"shangji\",\"roleName\":\"销售专员(商机)\",\"menuIds\":[2001,2002,1,2068,2069,2070,2071,2072,2073,2074,2028,2029,2031,2043,2044,2045,2049,2051,2066,2052,2053,2067,2034],\"status\":\"0\"}','{\"msg\":\"操作成功\",\"code\":200}',0,NULL,'2022-04-18 10:45:13'),
(21065,'角色管理',2,'com.huike.web.controller.system.SysRoleController.edit()','PUT',1,'admin',NULL,'/system/role','127.0.0.1','内网IP','{\"flag\":false,\"roleId\":4,\"admin\":false,\"dataScope\":\"4\",\"delFlag\":\"0\",\"params\":{},\"roleSort\":\"4\",\"deptCheckStrictly\":true,\"createTime\":1650244889000,\"updateBy\":\"admin\",\"menuCheckStrictly\":true,\"roleKey\":\"zhuguan\",\"roleName\":\"销售主管(管理所有销售)\",\"menuIds\":[1,2068,2069,2070,2071,2072,2073,2074,2015,2016,2017,2018,2019,2022,2023,2046,2047,2048,2059,2001,2028,2029,2031,2032,2043,2044,2045,2049,2051,2066,2002,2052,2053,2054,2055,2056,2057,2058,2061,2062,2067,2003,2004,2005,2006,2007,2008,2033,2065,2009,2010,2011,2012,2013,2014,2027,2035,2034],\"status\":\"0\"}','{\"msg\":\"操作成功\",\"code\":200}',0,NULL,'2022-04-18 10:46:25'),
(21066,'部门管理',3,'com.huike.web.controller.system.SysDeptController.remove()','DELETE',1,'admin',NULL,'/system/dept/202','127.0.0.1','内网IP','{deptId=202}','{\"msg\":\"操作成功\",\"code\":200}',0,NULL,'2022-04-18 10:46:53'),
(21067,'部门管理',3,'com.huike.web.controller.system.SysDeptController.remove()','DELETE',1,'admin',NULL,'/system/dept/103','127.0.0.1','内网IP','{deptId=103}','{\"msg\":\"存在下级部门,不允许删除\",\"code\":500}',0,NULL,'2022-04-18 10:46:55'),
(21068,'部门管理',3,'com.huike.web.controller.system.SysDeptController.remove()','DELETE',1,'admin',NULL,'/system/dept/203','127.0.0.1','内网IP','{deptId=203}','{\"msg\":\"存在下级部门,不允许删除\",\"code\":500}',0,NULL,'2022-04-18 10:46:59'),
(21069,'部门管理',3,'com.huike.web.controller.system.SysDeptController.remove()','DELETE',1,'admin',NULL,'/system/dept/107','127.0.0.1','内网IP','{deptId=107}','{\"msg\":\"操作成功\",\"code\":200}',0,NULL,'2022-04-18 10:47:00'),
(21070,'部门管理',3,'com.huike.web.controller.system.SysDeptController.remove()','DELETE',1,'admin',NULL,'/system/dept/105','127.0.0.1','内网IP','{deptId=105}','{\"msg\":\"操作成功\",\"code\":200}',0,NULL,'2022-04-18 10:47:02'),
(21071,'部门管理',3,'com.huike.web.controller.system.SysDeptController.remove()','DELETE',1,'admin',NULL,'/system/dept/201','127.0.0.1','内网IP','{deptId=201}','{\"msg\":\"操作成功\",\"code\":200}',0,NULL,'2022-04-18 10:47:04'),
(21072,'部门管理',3,'com.huike.web.controller.system.SysDeptController.remove()','DELETE',1,'admin',NULL,'/system/dept/103','127.0.0.1','内网IP','{deptId=103}','{\"msg\":\"部门存在用户,不允许删除\",\"code\":500}',0,NULL,'2022-04-18 10:47:07'),
(21073,'部门管理',3,'com.huike.web.controller.system.SysDeptController.remove()','DELETE',1,'admin',NULL,'/system/dept/103','127.0.0.1','内网IP','{deptId=103}','{\"msg\":\"部门存在用户,不允许删除\",\"code\":500}',0,NULL,'2022-04-18 10:47:11'),
(21074,'用户管理',2,'com.huike.web.controller.system.SysUserController.edit()','PUT',1,'admin',NULL,'/system/user','127.0.0.1','内网IP','{\"roles\":[{\"flag\":false,\"roleId\":1,\"admin\":true,\"dataScope\":\"1\",\"params\":{},\"roleSort\":\"1\",\"deptCheckStrictly\":false,\"menuCheckStrictly\":false,\"roleKey\":\"admin\",\"roleName\":\"超级管理员\",\"status\":\"0\"}],\"phonenumber\":\"15888888888\",\"admin\":true,\"loginDate\":1617131530000,\"delFlag\":\"0\",\"password\":\"\",\"loginIp\":\"127.0.0.1\",\"email\":\"admin@163.com\",\"nickName\":\"admin\",\"sex\":\"1\",\"deptId\":100,\"avatar\":\"\",\"dept\":{\"deptName\":\"研发部门\",\"leader\":\"李峰\",\"deptId\":103,\"orderNum\":\"1\",\"params\":{},\"parentId\":101,\"users\":[],\"children\":[],\"status\":\"0\"},\"params\":{},\"userName\":\"admin\",\"userId\":1,\"createBy\":\"admin\",\"roleIds\":[1],\"createTime\":1617131530000,\"status\":\"0\"}','null',1,'不允许操作超级管理员用户','2022-04-18 10:49:09'),
(21075,'部门管理',3,'com.huike.web.controller.system.SysDeptController.remove()','DELETE',1,'admin',NULL,'/system/dept/106','127.0.0.1','内网IP','{deptId=106}','{\"msg\":\"操作成功\",\"code\":200}',0,NULL,'2022-04-18 10:49:31'),
(21076,'部门管理',3,'com.huike.web.controller.system.SysDeptController.remove()','DELETE',1,'admin',NULL,'/system/dept/213','127.0.0.1','内网IP','{deptId=213}','{\"msg\":\"操作成功\",\"code\":200}',0,NULL,'2022-04-18 10:49:34'),
(21077,'部门管理',3,'com.huike.web.controller.system.SysDeptController.remove()','DELETE',1,'admin',NULL,'/system/dept/204','127.0.0.1','内网IP','{deptId=204}','{\"msg\":\"操作成功\",\"code\":200}',0,NULL,'2022-04-18 10:49:39'),
(21078,'部门管理',3,'com.huike.web.controller.system.SysDeptController.remove()','DELETE',1,'admin',NULL,'/system/dept/205','127.0.0.1','内网IP','{deptId=205}','{\"msg\":\"操作成功\",\"code\":200}',0,NULL,'2022-04-18 10:49:42'),
(21079,'部门管理',3,'com.huike.web.controller.system.SysDeptController.remove()','DELETE',1,'admin',NULL,'/system/dept/203','127.0.0.1','内网IP','{deptId=203}','{\"msg\":\"操作成功\",\"code\":200}',0,NULL,'2022-04-18 10:49:45'),
(21080,'部门管理',2,'com.huike.web.controller.system.SysDeptController.edit()','PUT',1,'admin',NULL,'/system/dept','127.0.0.1','内网IP','{\"deptName\":\"客源管家\",\"leader\":\"李峰\",\"deptId\":100,\"orderNum\":\"0\",\"delFlag\":\"0\",\"params\":{},\"parentId\":0,\"users\":[],\"createBy\":\"admin\",\"children\":[],\"createTime\":1617131529000,\"phone\":\"15888888888\",\"updateBy\":\"admin\",\"ancestors\":\"0\",\"email\":\"lifeng@qq.com\",\"status\":\"0\"}','{\"msg\":\"操作成功\",\"code\":200}',0,NULL,'2022-04-18 10:50:35'),
(21081,'部门管理',2,'com.huike.web.controller.system.SysDeptController.edit()','PUT',1,'admin',NULL,'/system/dept','127.0.0.1','内网IP','{\"deptName\":\"北京总公司\",\"leader\":\"李峰\",\"deptId\":101,\"orderNum\":\"1\",\"delFlag\":\"0\",\"params\":{},\"parentId\":100,\"users\":[],\"createBy\":\"admin\",\"children\":[],\"createTime\":1617131529000,\"phone\":\"15888888888\",\"updateBy\":\"admin\",\"ancestors\":\"0,100\",\"email\":\"lifeng@qq.com\",\"status\":\"0\"}','{\"msg\":\"操作成功\",\"code\":200}',0,NULL,'2022-04-18 10:50:54'),
(21082,'部门管理',2,'com.huike.web.controller.system.SysDeptController.edit()','PUT',1,'admin',NULL,'/system/dept','127.0.0.1','内网IP','{\"deptName\":\"研发部门\",\"leader\":\"李峰\",\"deptId\":103,\"orderNum\":\"1\",\"delFlag\":\"0\",\"params\":{},\"parentId\":101,\"users\":[],\"createBy\":\"admin\",\"children\":[],\"createTime\":1617131529000,\"phone\":\"15888888888\",\"updateBy\":\"admin\",\"ancestors\":\"0,100,101\",\"email\":\"lifeng@qq.com\",\"status\":\"0\"}','{\"msg\":\"操作成功\",\"code\":200}',0,NULL,'2022-04-18 10:51:03'),
(21083,'部门管理',1,'com.huike.web.controller.system.SysDeptController.add()','POST',1,'admin',NULL,'/system/dept','127.0.0.1','内网IP','{\"deptName\":\"市场部（线索）\",\"leader\":\"张三\",\"orderNum\":\"4\",\"params\":{},\"parentId\":214,\"users\":[],\"createBy\":\"admin\",\"children\":[],\"phone\":\"15777777777\",\"ancestors\":\"0,100,214\",\"email\":\"zhangsan@qq.com\",\"status\":\"0\"}','{\"msg\":\"操作成功\",\"code\":200}',0,NULL,'2022-04-18 10:51:50'),
(21084,'部门管理',1,'com.huike.web.controller.system.SysDeptController.add()','POST',1,'admin',NULL,'/system/dept','127.0.0.1','内网IP','{\"deptName\":\"销售部（商机）\",\"leader\":\"李四\",\"orderNum\":\"5\",\"params\":{},\"parentId\":214,\"users\":[],\"createBy\":\"admin\",\"children\":[],\"phone\":\"15666666666\",\"ancestors\":\"0,100,214\",\"email\":\"lisi@qq.com\",\"status\":\"0\"}','{\"msg\":\"操作成功\",\"code\":200}',0,NULL,'2022-04-18 10:52:25'),
(21085,'部门管理',2,'com.huike.web.controller.system.SysDeptController.edit()','PUT',1,'admin',NULL,'/system/dept','127.0.0.1','内网IP','{\"deptName\":\"研发部门\",\"leader\":\"李峰\",\"deptId\":103,\"orderNum\":\"2\",\"delFlag\":\"0\",\"params\":{},\"parentId\":101,\"users\":[],\"createBy\":\"admin\",\"children\":[],\"createTime\":1617131529000,\"phone\":\"15888888888\",\"updateBy\":\"admin\",\"ancestors\":\"0,100,101\",\"email\":\"lifeng@qq.com\",\"status\":\"0\"}','{\"msg\":\"操作成功\",\"code\":200}',0,NULL,'2022-04-18 10:52:31'),
(21086,'部门管理',2,'com.huike.web.controller.system.SysDeptController.edit()','PUT',1,'admin',NULL,'/system/dept','127.0.0.1','内网IP','{\"deptName\":\"销售部门\",\"leader\":\"张三\",\"deptId\":214,\"orderNum\":\"3\",\"delFlag\":\"0\",\"params\":{},\"parentId\":100,\"users\":[],\"createBy\":\"admin\",\"children\":[],\"createTime\":1637653705000,\"phone\":\"15011111111\",\"updateBy\":\"admin\",\"ancestors\":\"0,100\",\"email\":\"511111111@qq.com\",\"status\":\"0\"}','{\"msg\":\"操作成功\",\"code\":200}',0,NULL,'2022-04-18 10:52:34'),
(21087,'部门管理',2,'com.huike.web.controller.system.SysDeptController.edit()','PUT',1,'admin',NULL,'/system/dept','127.0.0.1','内网IP','{\"deptName\":\"客达管家\",\"leader\":\"李峰\",\"deptId\":100,\"orderNum\":\"0\",\"delFlag\":\"0\",\"params\":{},\"parentId\":0,\"users\":[],\"createBy\":\"admin\",\"children\":[],\"createTime\":1617131529000,\"phone\":\"15888888888\",\"updateBy\":\"admin\",\"ancestors\":\"0\",\"email\":\"lifeng@qq.com\",\"status\":\"0\"}','{\"msg\":\"操作成功\",\"code\":200}',0,NULL,'2022-04-18 10:54:38'),
(21088,'用户管理',1,'com.huike.web.controller.system.SysUserController.add()','POST',1,'admin',NULL,'/system/user','127.0.0.1','内网IP','{\"phonenumber\":\"15777777777\",\"admin\":false,\"password\":\"$2a$10$LrJqsVulcZo9Ia.dHSt02.IiB/4u/W5D3e7kSvEuV1/rW0nDb3wOu\",\"email\":\"zhangsan@qq.com\",\"nickName\":\"zhangsan\",\"sex\":\"0\",\"deptId\":215,\"params\":{},\"userName\":\"zhangsan\",\"userId\":1022,\"createBy\":\"admin\",\"roleIds\":[2],\"status\":\"0\"}','{\"msg\":\"操作成功\",\"code\":200}',0,NULL,'2022-04-18 11:29:20'),
(21089,'用户管理',1,'com.huike.web.controller.system.SysUserController.add()','POST',1,'admin',NULL,'/system/user','127.0.0.1','内网IP','{\"phonenumber\":\"15666666666\",\"admin\":false,\"password\":\"$2a$10$3Fxg5AOywhh4MbgFLkYJE.i.QSA1VKSJVZbMI//pwsZ5boaqaRAf.\",\"email\":\"lisi@qq.com\",\"nickName\":\"lisi\",\"sex\":\"1\",\"deptId\":216,\"params\":{},\"userName\":\"lisi\",\"userId\":1023,\"createBy\":\"admin\",\"roleIds\":[3],\"status\":\"0\"}','{\"msg\":\"操作成功\",\"code\":200}',0,NULL,'2022-04-18 11:30:18'),
(21090,'用户管理',1,'com.huike.web.controller.system.SysUserController.add()','POST',1,'admin',NULL,'/system/user','127.0.0.1','内网IP','{\"phonenumber\":\"15555555555\",\"admin\":false,\"password\":\"$2a$10$iC36e6hFVpa1hGX.fTYJL.swWrrukDUCyv5Zl.Jl00tL1IXWQgCCy\",\"email\":\"lifeng@qq.com\",\"nickName\":\"lifeng\",\"sex\":\"0\",\"deptId\":214,\"params\":{},\"userName\":\"lifeng\",\"userId\":1024,\"createBy\":\"admin\",\"roleIds\":[4],\"status\":\"0\"}','{\"msg\":\"操作成功\",\"code\":200}',0,NULL,'2022-04-18 11:31:20'),
(21091,'用户管理',1,'com.huike.web.controller.system.SysUserController.add()','POST',1,'admin',NULL,'/system/user','127.0.0.1','内网IP','{\"phonenumber\":\"15333333333\",\"admin\":false,\"password\":\"$2a$10$edSLagLw.q5QvLGTPP6nGulNR1ZWEQ4ar8BSCZNNwGeYfOyMKcLq6\",\"email\":\"zhangsan1@qq.com\",\"nickName\":\"zhangsan1\",\"sex\":\"0\",\"deptId\":215,\"params\":{},\"userName\":\"zhangsan1\",\"userId\":1025,\"createBy\":\"admin\",\"roleIds\":[2],\"status\":\"0\"}','{\"msg\":\"操作成功\",\"code\":200}',0,NULL,'2022-04-18 11:32:21'),
(21092,'用户管理',1,'com.huike.web.controller.system.SysUserController.add()','POST',1,'admin',NULL,'/system/user','127.0.0.1','内网IP','{\"phonenumber\":\"15444444444\",\"admin\":false,\"password\":\"$2a$10$foqej.Z0e.otPwinDGAtDOFu6HzEkPDesHjh76XNWQx52wGzD3uRy\",\"email\":\"lisi1@qq.com\",\"nickName\":\"lisi1\",\"sex\":\"0\",\"deptId\":216,\"params\":{},\"userName\":\"lisi1\",\"userId\":1026,\"createBy\":\"admin\",\"roleIds\":[3],\"status\":\"0\"}','{\"msg\":\"操作成功\",\"code\":200}',0,NULL,'2022-04-18 11:33:28'),
(21093,'用户管理',5,'com.huike.web.controller.system.SysUserController.export()','GET',1,'admin',NULL,'/system/user/export','127.0.0.1','内网IP','{}','{\"msg\":\"a974fb38-101b-4d75-9162-691098a8f90a_用户数据.xlsx\",\"code\":200}',0,NULL,'2022-04-18 11:33:55'),
(21094,'用户管理',2,'com.huike.web.controller.system.SysUserController.edit()','PUT',1,'admin',NULL,'/system/user','127.0.0.1','内网IP','{\"roles\":[],\"phonenumber\":\"15777777777\",\"admin\":false,\"delFlag\":\"0\",\"password\":\"\",\"updateBy\":\"admin\",\"loginIp\":\"\",\"email\":\"zhangsan@qq.com\",\"nickName\":\"zhangsan\",\"sex\":\"0\",\"deptId\":215,\"avatar\":\"\",\"dept\":{\"deptName\":\"市场部（线索）\",\"leader\":\"张三\",\"deptId\":215,\"orderNum\":\"4\",\"params\":{},\"parentId\":214,\"users\":[],\"children\":[],\"status\":\"0\"},\"params\":{},\"userName\":\"zhangsan\",\"userId\":2,\"createBy\":\"admin\",\"roleIds\":[2],\"createTime\":1650252560000,\"status\":\"0\"}','{\"msg\":\"操作成功\",\"code\":200}',0,NULL,'2022-04-18 11:46:54'),
(21095,'用户管理',2,'com.huike.web.controller.system.SysUserController.edit()','PUT',1,'admin',NULL,'/system/user','127.0.0.1','内网IP','{\"roles\":[],\"phonenumber\":\"15333333333\",\"admin\":false,\"delFlag\":\"0\",\"password\":\"\",\"updateBy\":\"admin\",\"loginIp\":\"\",\"email\":\"zhangsan1@qq.com\",\"nickName\":\"zhangsan1\",\"sex\":\"0\",\"deptId\":215,\"avatar\":\"\",\"dept\":{\"deptName\":\"市场部（线索）\",\"leader\":\"张三\",\"deptId\":215,\"orderNum\":\"4\",\"params\":{},\"parentId\":214,\"users\":[],\"children\":[],\"status\":\"0\"},\"params\":{},\"userName\":\"zhangsan1\",\"userId\":3,\"createBy\":\"admin\",\"roleIds\":[2],\"createTime\":1650252741000,\"status\":\"0\"}','{\"msg\":\"操作成功\",\"code\":200}',0,NULL,'2022-04-18 11:47:22'),
(21096,'用户管理',2,'com.huike.web.controller.system.SysUserController.edit()','PUT',1,'admin',NULL,'/system/user','127.0.0.1','内网IP','{\"roles\":[],\"phonenumber\":\"15666666666\",\"admin\":false,\"delFlag\":\"0\",\"password\":\"\",\"updateBy\":\"admin\",\"loginIp\":\"\",\"email\":\"lisi@qq.com\",\"nickName\":\"lisi\",\"sex\":\"1\",\"deptId\":216,\"avatar\":\"\",\"dept\":{\"deptName\":\"销售部（商机）\",\"leader\":\"李四\",\"deptId\":216,\"orderNum\":\"5\",\"params\":{},\"parentId\":214,\"users\":[],\"children\":[],\"status\":\"0\"},\"params\":{},\"userName\":\"lisi\",\"userId\":4,\"createBy\":\"admin\",\"roleIds\":[3],\"createTime\":1650252618000,\"status\":\"0\"}','{\"msg\":\"操作成功\",\"code\":200}',0,NULL,'2022-04-18 11:47:28'),
(21097,'用户管理',2,'com.huike.web.controller.system.SysUserController.edit()','PUT',1,'admin',NULL,'/system/user','127.0.0.1','内网IP','{\"roles\":[],\"phonenumber\":\"15444444444\",\"admin\":false,\"delFlag\":\"0\",\"password\":\"\",\"updateBy\":\"admin\",\"loginIp\":\"\",\"email\":\"lisi1@qq.com\",\"nickName\":\"lisi1\",\"sex\":\"0\",\"deptId\":216,\"avatar\":\"\",\"dept\":{\"deptName\":\"销售部（商机）\",\"leader\":\"李四\",\"deptId\":216,\"orderNum\":\"5\",\"params\":{},\"parentId\":214,\"users\":[],\"children\":[],\"status\":\"0\"},\"params\":{},\"userName\":\"lisi1\",\"userId\":5,\"createBy\":\"admin\",\"roleIds\":[3],\"createTime\":1650252808000,\"status\":\"0\"}','{\"msg\":\"操作成功\",\"code\":200}',0,NULL,'2022-04-18 11:47:32'),
(21098,'用户管理',2,'com.huike.web.controller.system.SysUserController.edit()','PUT',1,'admin',NULL,'/system/user','127.0.0.1','内网IP','{\"roles\":[],\"phonenumber\":\"15555555555\",\"admin\":false,\"delFlag\":\"0\",\"password\":\"\",\"updateBy\":\"admin\",\"loginIp\":\"\",\"email\":\"lifeng@qq.com\",\"nickName\":\"lifeng\",\"sex\":\"0\",\"deptId\":214,\"avatar\":\"\",\"dept\":{\"deptName\":\"销售部门\",\"leader\":\"张三\",\"deptId\":214,\"orderNum\":\"3\",\"params\":{},\"parentId\":100,\"users\":[],\"children\":[],\"status\":\"0\"},\"params\":{},\"userName\":\"lifeng\",\"userId\":6,\"createBy\":\"admin\",\"roleIds\":[4],\"createTime\":1650252680000,\"status\":\"0\"}','{\"msg\":\"操作成功\",\"code\":200}',0,NULL,'2022-04-18 11:47:38'),
(21099,'角色管理',2,'com.huike.web.controller.system.SysRoleController.edit()','PUT',1,'admin',NULL,'/system/role','127.0.0.1','内网IP','{\"flag\":false,\"roleId\":2,\"admin\":false,\"dataScope\":\"5\",\"delFlag\":\"0\",\"params\":{},\"roleSort\":\"2\",\"deptCheckStrictly\":true,\"createTime\":1650244837000,\"updateBy\":\"admin\",\"menuCheckStrictly\":true,\"roleKey\":\"xiansuo\",\"roleName\":\"市场专员（线索）\",\"menuIds\":[2015,1,2068,2069,2070,2071,2072,2073,2074,2016,2017,2018,2022,2046,2047,2059,2034],\"status\":\"0\"}','{\"msg\":\"操作成功\",\"code\":200}',0,NULL,'2022-04-18 11:49:08'),
(21100,'线索管理',1,'com.huike.web.controller.clues.TbClueController.add()','POST',1,'zhangsan',NULL,'/clues/clue','127.0.0.1','内网IP','{\"channel\":\"1\",\"activityId\":78,\"id\":9088,\"createTimeStr\":\"2022-04-18\",\"sex\":\"0\",\"params\":{},\"createBy\":\"zhangsan\",\"createTime\":1650277969332,\"phone\":\"15011111111\",\"falseCount\":0,\"name\":\"张益达\",\"age\":18}','{\"msg\":\"操作成功\",\"code\":200}',0,NULL,'2022-04-18 18:32:49'),
(21101,'线索跟进记录',1,'com.huike.web.controller.clues.TbClueTrackRecordController.add()','POST',1,'zhangsan',NULL,'/clues/record','127.0.0.1','内网IP','{\"level\":\"1\",\"nextTime\":1650340800000,\"subject\":\"0\",\"record\":\"电话接通，已确认身份，0基础，想学java\",\"sex\":\"0\",\"name\":\"张益达\",\"clueId\":9088,\"age\":18}','{\"msg\":\"操作成功\",\"code\":200}',0,NULL,'2022-04-18 18:34:10'),
(21102,'角色管理',2,'com.huike.web.controller.system.SysRoleController.edit()','PUT',1,'admin',NULL,'/system/role','127.0.0.1','内网IP','{\"flag\":false,\"roleId\":2,\"admin\":false,\"dataScope\":\"5\",\"delFlag\":\"0\",\"params\":{},\"roleSort\":\"2\",\"deptCheckStrictly\":true,\"createTime\":1650244837000,\"updateBy\":\"admin\",\"menuCheckStrictly\":true,\"roleKey\":\"xiansuo\",\"roleName\":\"市场专员（线索）\",\"menuIds\":[2015,1,2068,2069,2070,2071,2072,2073,2074,2016,2017,2018,2022,2046,2047,2059,2077,2034],\"status\":\"0\"}','{\"msg\":\"操作成功\",\"code\":200}',0,NULL,'2022-04-18 18:49:15'),
(21103,'线索转商机',2,'com.huike.web.controller.clues.TbClueController.changeBusiness()','PUT',1,'zhangsan',NULL,'/clues/clue/changeBusiness/9088','127.0.0.1','内网IP','9088','{\"msg\":\"操作成功\",\"code\":200}',0,NULL,'2022-04-18 18:50:46'),
(21104,'线索管理',1,'com.huike.web.controller.clues.TbClueController.add()','POST',1,'zhangsan',NULL,'/clues/clue','127.0.0.1','内网IP','{\"channel\":\"1\",\"activityId\":78,\"id\":9089,\"createTimeStr\":\"2022-04-18\",\"sex\":\"0\",\"params\":{},\"createBy\":\"zhangsan\",\"createTime\":1650280860272,\"phone\":\"15333232333\",\"falseCount\":0,\"name\":\"张三\",\"age\":20}','{\"msg\":\"操作成功\",\"code\":200}',0,NULL,'2022-04-18 19:21:00'),
(21105,'线索转商机',2,'com.huike.web.controller.clues.TbClueController.changeBusiness()','PUT',1,'zhangsan',NULL,'/clues/clue/changeBusiness/9089','127.0.0.1','内网IP','9089','{\"msg\":\"操作成功\",\"code\":200}',0,NULL,'2022-04-18 19:21:50'),
(21106,'线索转商机',2,'com.huike.web.controller.clues.TbClueController.changeBusiness()','PUT',1,'zhangsan',NULL,'/clues/clue/changeBusiness/9088','127.0.0.1','内网IP','9088','{\"msg\":\"操作成功\",\"code\":200}',0,NULL,'2022-04-18 19:23:44'),
(21107,'线索管理',1,'com.huike.web.controller.clues.TbClueController.add()','POST',1,'zhangsan',NULL,'/clues/clue','127.0.0.1','内网IP','{\"channel\":\"0\",\"activityId\":79,\"id\":9090,\"createTimeStr\":\"2022-04-18\",\"sex\":\"0\",\"params\":{},\"createBy\":\"zhangsan\",\"createTime\":1650286662273,\"phone\":\"15221212121\",\"falseCount\":0,\"name\":\"张十一\",\"age\":22}','{\"msg\":\"操作成功\",\"code\":200}',0,NULL,'2022-04-18 20:57:42'),
(21108,'线索管理',1,'com.huike.web.controller.clues.TbClueController.add()','POST',1,'admin',NULL,'/clues/clue','127.0.0.1','内网IP','{\"channel\":\"0\",\"activityId\":110,\"id\":9091,\"createTimeStr\":\"2022-04-18\",\"sex\":\"0\",\"params\":{},\"createBy\":\"admin\",\"createTime\":1650287255456,\"phone\":\"15878787878\",\"falseCount\":0,\"name\":\"王五\",\"age\":22}','{\"msg\":\"操作成功\",\"code\":200}',0,NULL,'2022-04-18 21:07:35'),
(21109,'批量分配',2,'com.huike.web.controller.clues.TbClueController.assignment()','PUT',1,'admin',NULL,'/clues/clue/assignment','127.0.0.1','内网IP','{\"ids\":[9091],\"userId\":2}','{\"msg\":\"全部分配\",\"code\":200}',0,NULL,'2022-04-18 21:07:57'),
(21110,'线索跟进记录',1,'com.huike.web.controller.clues.TbClueTrackRecordController.add()','POST',1,'zhangsan',NULL,'/clues/record','127.0.0.1','内网IP','{\"level\":\"2\",\"nextTime\":1650340800000,\"subject\":\"0\",\"record\":\"了解\",\"sex\":\"0\",\"name\":\"王五\",\"clueId\":9091,\"age\":22}','{\"msg\":\"操作成功\",\"code\":200}',0,NULL,'2022-04-18 21:10:18'),
(21111,'线索转商机',2,'com.huike.web.controller.clues.TbClueController.changeBusiness()','PUT',1,'zhangsan',NULL,'/clues/clue/changeBusiness/9091','127.0.0.1','内网IP','9091','{\"msg\":\"操作成功\",\"code\":200}',0,NULL,'2022-04-18 21:10:28'),
(21112,'线索管理',1,'com.huike.web.controller.clues.TbClueController.add()','POST',1,'admin',NULL,'/clues/clue','127.0.0.1','内网IP','{\"channel\":\"0\",\"activityId\":110,\"id\":9092,\"createTimeStr\":\"2022-04-18\",\"sex\":\"0\",\"params\":{},\"createBy\":\"admin\",\"createTime\":1650289399317,\"phone\":\"13574545455\",\"falseCount\":0,\"name\":\"李三十\",\"age\":30}','{\"msg\":\"操作成功\",\"code\":200}',0,NULL,'2022-04-18 21:43:19'),
(21113,'批量分配',2,'com.huike.web.controller.clues.TbClueController.assignment()','PUT',1,'admin',NULL,'/clues/clue/assignment','127.0.0.1','内网IP','{\"ids\":[9092],\"userId\":2}','{\"msg\":\"全部分配\",\"code\":200}',0,NULL,'2022-04-18 21:43:27'),
(21114,'线索转商机',2,'com.huike.web.controller.clues.TbClueController.changeBusiness()','PUT',1,'zhangsan',NULL,'/clues/clue/changeBusiness/9092','127.0.0.1','内网IP','9092','{\"msg\":\"操作成功\",\"code\":200}',0,NULL,'2022-04-18 21:45:38'),
(21115,'线索管理',1,'com.huike.web.controller.clues.TbClueController.add()','POST',1,'zhangsan',NULL,'/clues/clue','127.0.0.1','内网IP','{\"channel\":\"1\",\"activityId\":78,\"id\":9093,\"createTimeStr\":\"2022-04-18\",\"sex\":\"0\",\"params\":{},\"createBy\":\"zhangsan\",\"createTime\":1650289636990,\"phone\":\"13545454555\",\"falseCount\":0,\"name\":\"李时体\",\"age\":22}','{\"msg\":\"操作成功\",\"code\":200}',0,NULL,'2022-04-18 21:47:17'),
(21116,'线索管理',1,'com.huike.web.controller.clues.TbClueController.add()','POST',1,'zhangsan1',NULL,'/clues/clue','127.0.0.1','内网IP','{\"channel\":\"0\",\"activityId\":79,\"id\":9094,\"createTimeStr\":\"2022-04-18\",\"sex\":\"1\",\"params\":{},\"createBy\":\"zhangsan1\",\"createTime\":1650289990784,\"phone\":\"15021212121\",\"falseCount\":0,\"name\":\"丽丽\",\"age\":22}','{\"msg\":\"操作成功\",\"code\":200}',0,NULL,'2022-04-18 21:53:10'),
(21117,'线索转商机',2,'com.huike.web.controller.clues.TbClueController.changeBusiness()','PUT',1,'zhangsan1',NULL,'/clues/clue/changeBusiness/9094','127.0.0.1','内网IP','9094','{\"msg\":\"操作成功\",\"code\":200}',0,NULL,'2022-04-18 21:53:22'),
(21118,'线索管理',1,'com.huike.web.controller.clues.TbClueController.add()','POST',1,'zhangsan1',NULL,'/clues/clue','127.0.0.1','内网IP','{\"channel\":\"1\",\"activityId\":72,\"id\":9095,\"createTimeStr\":\"2022-04-18\",\"sex\":\"1\",\"params\":{},\"createBy\":\"zhangsan1\",\"createTime\":1650290109337,\"phone\":\"15321212121\",\"falseCount\":0,\"name\":\"楼江华\",\"age\":22}','{\"msg\":\"操作成功\",\"code\":200}',0,NULL,'2022-04-18 21:55:09'),
(21119,'线索转商机',2,'com.huike.web.controller.clues.TbClueController.changeBusiness()','PUT',1,'zhangsan1',NULL,'/clues/clue/changeBusiness/9095','127.0.0.1','内网IP','9095','null',1,'','2022-04-18 21:55:15'),
(21120,'线索转商机',2,'com.huike.web.controller.clues.TbClueController.changeBusiness()','PUT',1,'zhangsan1',NULL,'/clues/clue/changeBusiness/9095','127.0.0.1','内网IP','9095','null',1,'','2022-04-18 21:56:25'),
(21121,'线索管理',1,'com.huike.web.controller.clues.TbClueController.add()','POST',1,'admin',NULL,'/clues/clue','127.0.0.1','内网IP','{\"channel\":\"0\",\"activityId\":110,\"id\":9096,\"createTimeStr\":\"2022-04-18\",\"sex\":\"1\",\"params\":{},\"createBy\":\"admin\",\"createTime\":1650290863160,\"phone\":\"13252454545\",\"falseCount\":0,\"name\":\"李丽宗\",\"age\":21}','{\"msg\":\"操作成功\",\"code\":200}',0,NULL,'2022-04-18 22:07:43'),
(21122,'批量分配',2,'com.huike.web.controller.clues.TbClueController.assignment()','PUT',1,'admin',NULL,'/clues/clue/assignment','127.0.0.1','内网IP','{\"ids\":[9096],\"userId\":2}','{\"msg\":\"全部分配\",\"code\":200}',0,NULL,'2022-04-18 22:08:13'),
(21123,'线索转商机',2,'com.huike.web.controller.clues.TbClueController.changeBusiness()','PUT',1,'zhangsan',NULL,'/clues/clue/changeBusiness/9096','127.0.0.1','内网IP','9096','{\"msg\":\"操作成功\",\"code\":200}',0,NULL,'2022-04-18 22:08:57'),
(21124,'商机',1,'com.huike.web.controller.business.TbBusinessController.add()','POST',1,'admin',NULL,'/business','127.0.0.1','内网IP','{\"city\":\"市辖区\",\"subject\":\"0\",\"channel\":\"0\",\"id\":3428,\"createTimeStr\":\"2022-04-18\",\"qq\":\"5055555\",\"provinces\":\"北京市\",\"sex\":\"1\",\"params\":{},\"createBy\":\"admin\",\"weixin\":\"wx12121\",\"createTime\":1650292958719,\"phone\":\"15011212121\",\"falseCount\":0,\"name\":\"张诗怡\",\"region\":\"北京市_市辖区\",\"age\":20}','{\"msg\":\"操作成功\",\"code\":200}',0,NULL,'2022-04-18 22:42:38'),
(21125,'用户管理',1,'com.huike.web.controller.system.SysUserController.add()','POST',1,'admin',NULL,'/system/user','127.0.0.1','内网IP','{\"phonenumber\":\"15423333333\",\"admin\":false,\"password\":\"$2a$10$EEK41h4r3nclQblcCgjkPuivvDjaHrbzNHCmkcQTaBDRCDEDq4SY.\",\"email\":\"zhangsan3@qq.com\",\"nickName\":\"zhangsan3\",\"sex\":\"0\",\"deptId\":215,\"params\":{},\"userName\":\"zhangsan3\",\"userId\":1027,\"createBy\":\"admin\",\"roleIds\":[2],\"status\":\"0\"}','{\"msg\":\"操作成功\",\"code\":200}',0,NULL,'2022-04-19 01:26:22'),
(21126,'上传线索',6,'com.huike.web.controller.clues.TbClueController.importData()','POST',1,'lifeng',NULL,'/clues/clue/importData','127.0.0.1','内网IP','','{\"msg\":\"操作成功\",\"code\":200,\"data\":{\"failureNum\":0,\"successNum\":499}}',0,NULL,'2022-04-19 01:28:13'),
(21127,'批量分配',2,'com.huike.web.controller.clues.TbClueController.assignment()','PUT',1,'lifeng',NULL,'/clues/clue/assignment','127.0.0.1','内网IP','{\"ids\":[9585],\"userId\":2}','{\"msg\":\"全部分配\",\"code\":200}',0,NULL,'2022-04-19 01:28:40'),
(21128,'批量分配',2,'com.huike.web.controller.clues.TbClueController.assignment()','PUT',1,'lifeng',NULL,'/clues/clue/assignment','127.0.0.1','内网IP','{\"ids\":[9586],\"userId\":2}','{\"msg\":\"全部分配\",\"code\":200}',0,NULL,'2022-04-19 01:28:46'),
(21129,'角色管理',2,'com.huike.web.controller.system.SysRoleController.edit()','PUT',1,'admin',NULL,'/system/role','127.0.0.1','内网IP','{\"flag\":false,\"roleId\":4,\"admin\":false,\"dataScope\":\"4\",\"delFlag\":\"0\",\"params\":{},\"roleSort\":\"4\",\"deptCheckStrictly\":true,\"createTime\":1650244889000,\"updateBy\":\"admin\",\"menuCheckStrictly\":true,\"roleKey\":\"zhuguan\",\"roleName\":\"销售主管(管理所有销售)\",\"menuIds\":[2015,1,2068,2069,2070,2071,2072,2073,2074,2016,2017,2018,2019,2022,2023,2046,2047,2048,2059,2001,2028,2029,2031,2032,2043,2044,2045,2049,2051,2066,2002,2052,2053,2054,2055,2056,2057,2058,2061,2062,2067,2003,2004,2005,2006,2007,2008,2033,2065,2009,2010,2011,2012,2013,2014,2027,2035,2078,2034],\"status\":\"0\"}','{\"msg\":\"操作成功\",\"code\":200}',0,NULL,'2022-04-19 01:36:16'),
(21130,'转派处理',2,'com.huike.web.controller.contract.TransferController.assignment()','PUT',1,'lifeng',NULL,'/transfer/assignment/0/3/7','127.0.0.1','内网IP','0 3 7','{\"msg\":\"操作成功\",\"code\":200,\"data\":{}}',0,NULL,'2022-04-19 01:37:23'),
(21131,'用户管理',2,'com.huike.web.controller.system.SysUserController.edit()','PUT',1,'admin',NULL,'/system/user','127.0.0.1','内网IP','{\"roles\":[],\"phonenumber\":\"15423333333\",\"admin\":false,\"delFlag\":\"0\",\"password\":\"\",\"updateBy\":\"admin\",\"loginIp\":\"\",\"email\":\"zhangsan3@qq.com\",\"nickName\":\"zhangsan3\",\"sex\":\"0\",\"deptId\":215,\"avatar\":\"\",\"dept\":{\"deptName\":\"市场部（线索）\",\"leader\":\"张三\",\"deptId\":215,\"orderNum\":\"4\",\"params\":{},\"parentId\":214,\"users\":[],\"children\":[],\"status\":\"0\"},\"params\":{},\"userName\":\"zhangsan3\",\"userId\":7,\"createBy\":\"admin\",\"roleIds\":[2],\"createTime\":1650302781000,\"status\":\"0\"}','{\"msg\":\"操作成功\",\"code\":200}',0,NULL,'2022-04-19 01:38:25'),
(21132,'转派处理',2,'com.huike.web.controller.contract.TransferController.assignment()','PUT',1,'admin',NULL,'/transfer/assignment/0/7/3','127.0.0.1','内网IP','0 7 3','{\"msg\":\"操作成功\",\"code\":200,\"data\":{}}',0,NULL,'2022-04-19 01:39:45'),
(21133,'批量分配',2,'com.huike.web.controller.clues.TbClueController.assignment()','PUT',1,'admin',NULL,'/clues/clue/assignment','127.0.0.1','内网IP','{\"ids\":[9594],\"userId\":3}','{\"msg\":\"全部分配\",\"code\":200}',0,NULL,'2022-04-19 01:42:03'),
(21134,'批量分配',2,'com.huike.web.controller.clues.TbClueController.assignment()','PUT',1,'admin',NULL,'/clues/clue/assignment','127.0.0.1','内网IP','{\"ids\":[9588],\"userId\":7}','{\"msg\":\"全部分配\",\"code\":200}',0,NULL,'2022-04-19 01:42:30'),
(21135,'批量分配',2,'com.huike.web.controller.clues.TbClueController.assignment()','PUT',1,'admin',NULL,'/clues/clue/assignment','127.0.0.1','内网IP','{\"ids\":[9590],\"userId\":3}','{\"msg\":\"全部分配\",\"code\":200}',0,NULL,'2022-04-19 01:42:36'),
(21136,'批量分配',2,'com.huike.web.controller.clues.TbClueController.assignment()','PUT',1,'admin',NULL,'/clues/clue/assignment','127.0.0.1','内网IP','{\"ids\":[9548],\"userId\":2}','{\"msg\":\"全部分配\",\"code\":200}',0,NULL,'2022-04-19 01:42:44'),
(21137,'批量分配',2,'com.huike.web.controller.clues.TbClueController.assignment()','PUT',1,'admin',NULL,'/clues/clue/assignment','127.0.0.1','内网IP','{\"ids\":[9542],\"userId\":7}','{\"msg\":\"全部分配\",\"code\":200}',0,NULL,'2022-04-19 01:42:52'),
(21138,'线索跟进记录',1,'com.huike.web.controller.clues.TbClueTrackRecordController.add()','POST',1,'zhangsan',NULL,'/clues/record','172.16.43.85','内网IP','{\"level\":\"0\",\"nextTime\":1650340800000,\"subject\":\"0\",\"record\":\"确认学习\",\"sex\":\"0\",\"name\":\"贺奇克\",\"clueId\":9585,\"age\":25}','{\"msg\":\"操作成功\",\"code\":200}',0,NULL,'2022-04-19 09:17:22'),
(21139,'线索转商机',2,'com.huike.web.controller.clues.TbClueController.changeBusiness()','PUT',1,'zhangsan',NULL,'/clues/clue/changeBusiness/9585','172.16.43.85','内网IP','9585','{\"msg\":\"操作成功\",\"code\":200}',0,NULL,'2022-04-19 09:17:25'),
(21140,'角色管理',2,'com.huike.web.controller.system.SysRoleController.edit()','PUT',1,'admin',NULL,'/system/role','127.0.0.1','内网IP','{\"flag\":false,\"roleId\":3,\"admin\":false,\"dataScope\":\"5\",\"delFlag\":\"0\",\"params\":{},\"roleSort\":\"3\",\"deptCheckStrictly\":true,\"createTime\":1650244863000,\"updateBy\":\"admin\",\"menuCheckStrictly\":true,\"roleKey\":\"shangji\",\"roleName\":\"销售专员(商机)\",\"menuIds\":[2001,2002,1,2068,2069,2070,2071,2072,2073,2074,2028,2029,2031,2043,2079,2044,2045,2049,2051,2066,2052,2053,2067,2034],\"status\":\"0\"}','{\"msg\":\"操作成功\",\"code\":200}',0,NULL,'2022-04-19 09:47:24'),
(21141,'角色管理',2,'com.huike.web.controller.system.SysRoleController.edit()','PUT',1,'admin',NULL,'/system/role','127.0.0.1','内网IP','{\"flag\":false,\"roleId\":4,\"admin\":false,\"dataScope\":\"4\",\"delFlag\":\"0\",\"params\":{},\"roleSort\":\"4\",\"deptCheckStrictly\":true,\"createTime\":1650244889000,\"updateBy\":\"admin\",\"menuCheckStrictly\":true,\"roleKey\":\"zhuguan\",\"roleName\":\"销售主管(管理所有销售)\",\"menuIds\":[2015,1,2068,2069,2070,2071,2072,2073,2074,2016,2017,2018,2019,2022,2023,2046,2047,2048,2059,2001,2028,2029,2031,2032,2043,2079,2044,2045,2049,2051,2066,2002,2052,2053,2054,2055,2056,2057,2058,2061,2062,2067,2003,2004,2005,2006,2007,2008,2033,2065,2009,2010,2011,2012,2013,2014,2027,2035,2078,2034],\"status\":\"0\"}','{\"msg\":\"操作成功\",\"code\":200}',0,NULL,'2022-04-19 09:48:00'),
(21142,'商机跟进记录',1,'com.huike.web.controller.business.TbBusinessTrackRecordController.add()','POST',1,'lisi',NULL,'/business/record','127.0.0.1','内网IP','{\"reasons\":\"高薪\",\"nextTime\":1650427200000,\"subject\":\"0\",\"businessId\":3429,\"keyItems\":\"2,4,6\",\"activityId\":35,\"record\":\"客户想要报名，担心自己学不会需要鼓励\",\"trackStatus\":\"1\",\"courseId\":48,\"level\":\"0\",\"otherIntention\":\"暂无\",\"sex\":\"0\",\"phone\":\"13816667158\",\"name\":\"贺奇克\",\"age\":25}','{\"msg\":\"操作成功\",\"code\":200}',0,NULL,'2022-04-19 09:50:30'),
(21143,'合同',1,'com.huike.web.controller.contract.TbContractController.add()','POST',1,'lifeng',NULL,'/contract','127.0.0.1','内网IP','{\"fileName\":\"/huike-crm/2022/04/19/50aa791da4ee471ca43b45d370cdd768.pdf\",\"contractNo\":\"HTBH00001\",\"subject\":\"0\",\"channel\":\"0\",\"deptId\":214,\"params\":{},\"activityId\":110,\"createBy\":\"lifeng\",\"createTime\":1650335445560,\"phone\":\"15121212121\",\"coursePrice\":10.0,\"name\":\"张益达\",\"discountType\":\"课程折扣\",\"id\":\"69596443920499\",\"courseId\":50,\"order\":8.5,\"status\":\"4\"}','{\"msg\":\"操作成功\",\"code\":200}',0,NULL,'2022-04-19 10:30:45'),
(21144,'角色管理',2,'com.huike.web.controller.system.SysRoleController.edit()','PUT',1,'admin',NULL,'/system/role','127.0.0.1','内网IP','{\"flag\":false,\"roleId\":4,\"admin\":false,\"dataScope\":\"4\",\"delFlag\":\"0\",\"params\":{},\"roleSort\":\"4\",\"deptCheckStrictly\":true,\"createTime\":1650244889000,\"updateBy\":\"admin\",\"menuCheckStrictly\":true,\"roleKey\":\"zhuguan\",\"roleName\":\"销售主管(管理所有销售)\",\"menuIds\":[2015,1,2068,2069,2070,2071,2072,2073,2074,2016,2017,2018,2019,2022,2023,2046,2047,2048,2059,2001,2028,2029,2031,2032,2043,2079,2044,2045,2049,2051,2066,2002,2052,2053,2067,2003,2004,2005,2006,2007,2008,2033,2065,2009,2010,2011,2012,2013,2027,2035,2078,2034],\"status\":\"0\"}','{\"msg\":\"操作成功\",\"code\":200}',0,NULL,'2022-04-19 13:43:29'),
(21145,'角色管理',2,'com.huike.web.controller.system.SysRoleController.edit()','PUT',1,'admin',NULL,'/system/role','127.0.0.1','内网IP','{\"flag\":false,\"roleId\":4,\"admin\":false,\"dataScope\":\"4\",\"delFlag\":\"0\",\"params\":{},\"roleSort\":\"4\",\"deptCheckStrictly\":true,\"createTime\":1650244889000,\"updateBy\":\"admin\",\"menuCheckStrictly\":true,\"roleKey\":\"zhuguan\",\"roleName\":\"销售主管(管理所有销售)\",\"menuIds\":[2015,1,2068,2069,2070,2071,2072,2073,2074,2016,2017,2018,2019,2022,2023,2046,2047,2048,2059,2001,2028,2029,2031,2032,2043,2079,2044,2045,2049,2051,2066,2002,2052,2053,2080,2067,2003,2004,2005,2006,2007,2008,2033,2065,2009,2010,2011,2012,2013,2027,2035,2078,2034],\"status\":\"0\"}','{\"msg\":\"操作成功\",\"code\":200}',0,NULL,'2022-04-19 14:56:20'),
(21146,'线索跟进记录',1,'com.huike.web.controller.clues.TbClueTrackRecordController.add()','POST',1,'zhangsan',NULL,'/clues/record','172.16.43.85','内网IP','{\"level\":\"1\",\"nextTime\":1650427200000,\"subject\":\"1\",\"record\":\"学习意向\",\"sex\":\"0\",\"name\":\"秦伊\",\"clueId\":9595}','{\"msg\":\"操作成功\",\"code\":200}',0,NULL,'2022-04-19 15:17:22'),
(21147,'线索转商机',2,'com.huike.web.controller.clues.TbClueController.changeBusiness()','PUT',1,'zhangsan',NULL,'/clues/clue/changeBusiness/9595','172.16.43.85','内网IP','9595','{\"msg\":\"操作成功\",\"code\":200}',0,NULL,'2022-04-19 15:17:24'),
(21148,'线索转商机',2,'com.huike.web.controller.clues.TbClueController.changeBusiness()','PUT',1,'zhangsan',NULL,'/clues/clue/changeBusiness/9586','172.16.43.85','内网IP','9586','{\"msg\":\"操作成功\",\"code\":200}',0,NULL,'2022-04-19 15:17:32'),
(21149,'线索跟进记录',1,'com.huike.web.controller.clues.TbClueTrackRecordController.add()','POST',1,'zhangsan',NULL,'/clues/record','172.16.43.85','内网IP','{\"level\":\"0\",\"nextTime\":1650427200000,\"subject\":\"1\",\"record\":\"学习意向\",\"sex\":\"0\",\"name\":\"郎蓉涵\",\"clueId\":9591}','{\"msg\":\"操作成功\",\"code\":200}',0,NULL,'2022-04-19 15:17:47'),
(21150,'线索转商机',2,'com.huike.web.controller.clues.TbClueController.changeBusiness()','PUT',1,'zhangsan',NULL,'/clues/clue/changeBusiness/9591','172.16.43.85','内网IP','9591','{\"msg\":\"操作成功\",\"code\":200}',0,NULL,'2022-04-19 15:17:49'),
(21151,'线索转商机',2,'com.huike.web.controller.clues.TbClueController.changeBusiness()','PUT',1,'zhangsan',NULL,'/clues/clue/changeBusiness/9592','172.16.43.85','内网IP','9592','{\"msg\":\"操作成功\",\"code\":200}',0,NULL,'2022-04-19 15:17:56'),
(21152,'线索转商机',2,'com.huike.web.controller.clues.TbClueController.changeBusiness()','PUT',1,'zhangsan',NULL,'/clues/clue/changeBusiness/9593','172.16.43.85','内网IP','9593','{\"msg\":\"操作成功\",\"code\":200}',0,NULL,'2022-04-19 15:18:01'),
(21153,'线索转商机',2,'com.huike.web.controller.clues.TbClueController.changeBusiness()','PUT',1,'zhangsan',NULL,'/clues/clue/changeBusiness/9578','172.16.43.85','内网IP','9578','{\"msg\":\"操作成功\",\"code\":200}',0,NULL,'2022-04-19 15:18:05'),
(21154,'线索跟进记录',1,'com.huike.web.controller.clues.TbClueTrackRecordController.add()','POST',1,'zhangsan',NULL,'/clues/record','172.16.43.85','内网IP','{\"level\":\"0\",\"nextTime\":1650427200000,\"subject\":\"0\",\"record\":\"学习意向\",\"sex\":\"0\",\"name\":\"翰丽\",\"clueId\":9579}','{\"msg\":\"操作成功\",\"code\":200}',0,NULL,'2022-04-19 15:18:14'),
(21155,'线索转商机',2,'com.huike.web.controller.clues.TbClueController.changeBusiness()','PUT',1,'zhangsan',NULL,'/clues/clue/changeBusiness/9579','172.16.43.85','内网IP','9579','{\"msg\":\"操作成功\",\"code\":200}',0,NULL,'2022-04-19 15:18:18'),
(21156,'商机跟进记录',1,'com.huike.web.controller.business.TbBusinessTrackRecordController.add()','POST',1,'lisi',NULL,'/business/record','172.16.43.85','内网IP','{\"nextTime\":1650427200000,\"subject\":\"0\",\"businessId\":3436,\"keyItems\":\"1\",\"activityId\":35,\"record\":\"学习意向\",\"trackStatus\":\"1\",\"courseId\":51,\"level\":\"0\",\"otherIntention\":\"学习意向\",\"sex\":\"0\",\"phone\":\"13816667152\",\"name\":\"翰丽\",\"age\":1}','{\"msg\":\"操作成功\",\"code\":200}',0,NULL,'2022-04-19 15:19:36'),
(21157,'商机转合同',2,'com.huike.web.controller.contract.TbContractController.changeContract()','PUT',1,'lisi',NULL,'/contract/changeContract/3436','172.16.43.85','内网IP','3436 {\"fileName\":\"/huike-crm/2022/04/19/3304f6c3aed64cc4914a0eb67aadf7e1.pdf\",\"contractNo\":\"HTBH1234\",\"subject\":\"0\",\"businessId\":3436,\"channel\":\"0\",\"deptId\":216,\"params\":{},\"activityId\":35,\"createBy\":\"lisi\",\"createTime\":1650352807872,\"phone\":\"13816667152\",\"coursePrice\":5000.0,\"name\":\"翰丽\",\"discountType\":\"课程折扣\",\"id\":\"86959128252300\",\"courseId\":51,\"order\":150.0,\"status\":\"4\"}','{\"msg\":\"操作成功\",\"code\":200}',0,NULL,'2022-04-19 15:20:07'),
(21158,'角色管理',2,'com.huike.web.controller.system.SysRoleController.edit()','PUT',1,'admin',NULL,'/system/role','172.16.43.85','内网IP','{\"flag\":false,\"roleId\":4,\"admin\":false,\"dataScope\":\"4\",\"delFlag\":\"0\",\"params\":{},\"roleSort\":\"4\",\"deptCheckStrictly\":true,\"createTime\":1650244889000,\"updateBy\":\"admin\",\"menuCheckStrictly\":true,\"roleKey\":\"zhuguan\",\"roleName\":\"销售主管(管理所有销售)\",\"menuIds\":[2015,2001,1,2068,2069,2070,2071,2072,2073,2074,2016,2017,2018,2019,2022,2023,2046,2047,2048,2059,2028,2029,2031,2032,2043,2079,2044,2045,2049,2051,2002,2052,2053,2080,2067,2003,2004,2005,2006,2007,2008,2033,2065,2009,2010,2011,2012,2013,2027,2035,2078,2034],\"status\":\"0\"}','{\"msg\":\"操作成功\",\"code\":200}',0,NULL,'2022-04-19 15:21:10'),
(21159,'角色管理',2,'com.huike.web.controller.system.SysRoleController.edit()','PUT',1,'admin',NULL,'/system/role','172.16.43.85','内网IP','{\"flag\":false,\"roleId\":3,\"admin\":false,\"dataScope\":\"5\",\"delFlag\":\"0\",\"params\":{},\"roleSort\":\"3\",\"deptCheckStrictly\":true,\"createTime\":1650244863000,\"updateBy\":\"admin\",\"menuCheckStrictly\":true,\"roleKey\":\"shangji\",\"roleName\":\"销售专员(商机)\",\"menuIds\":[2001,1,2068,2069,2070,2071,2072,2073,2074,2028,2029,2031,2043,2079,2044,2045,2049,2051,2066,2002,2052,2053,2080,2067,2034],\"status\":\"0\"}','{\"msg\":\"操作成功\",\"code\":200}',0,NULL,'2022-04-19 15:21:18'),
(21160,'合同',1,'com.huike.web.controller.contract.TbContractController.add()','POST',1,'lisi',NULL,'/contract','172.16.43.85','内网IP','{\"fileName\":\"/huike-crm/2022/04/19/a6d7bf65c3b34309ae28ed37321a1eed.pdf\",\"contractNo\":\"HTBH122\",\"subject\":\"0\",\"deptId\":216,\"params\":{},\"createBy\":\"lisi\",\"createTime\":1650352971588,\"phone\":\"13512345678\",\"coursePrice\":5000.0,\"name\":\"涨大盘\",\"discountType\":\"无\",\"id\":\"87122843020000\",\"courseId\":51,\"order\":5000.0,\"status\":\"4\"}','{\"msg\":\"操作成功\",\"code\":200}',0,NULL,'2022-04-19 15:22:51'),
(21161,'合同',1,'com.huike.web.controller.contract.TbContractController.add()','POST',1,'lisi',NULL,'/contract','172.16.43.85','内网IP','{\"fileName\":\"/huike-crm/2022/04/19/4a97e70fe85e4b0fa887195efa84b82f.pdf\",\"contractNo\":\"HTBH121\",\"subject\":\"1\",\"channel\":\"0\",\"deptId\":216,\"params\":{},\"createBy\":\"lisi\",\"createTime\":1650353033412,\"phone\":\"13212345665\",\"coursePrice\":1888.0,\"name\":\"张大鹏\",\"discountType\":\"无\",\"id\":\"87184667306500\",\"courseId\":47,\"order\":1888.0,\"status\":\"4\"}','{\"msg\":\"操作成功\",\"code\":200}',0,NULL,'2022-04-19 15:23:53'),
(21162,'商机转合同',2,'com.huike.web.controller.contract.TbContractController.changeContract()','PUT',1,'lisi',NULL,'/contract/changeContract/3435','172.16.43.85','内网IP','3435 {\"fileName\":\"/huike-crm/2022/04/19/752f99d458ab4bc885225a53ecdefa57.pdf\",\"contractNo\":\"HTBH120\",\"params\":{},\"phone\":\"13112345678\",\"coursePrice\":0.0,\"order\":0.0}','null',1,'商机里面没有选择课程，无法转换客户合同','2022-04-19 15:24:48'),
(21163,'商机跟进记录',1,'com.huike.web.controller.business.TbBusinessTrackRecordController.add()','POST',1,'lisi',NULL,'/business/record','172.16.43.85','内网IP','{\"nextTime\":1650353220000,\"subject\":\"0\",\"businessId\":3435,\"keyItems\":\"1\",\"activityId\":35,\"record\":\"13512345678\",\"trackStatus\":\"1\",\"courseId\":51,\"level\":\"2\",\"otherIntention\":\"13512345678\",\"sex\":\"0\",\"phone\":\"13816667151\",\"name\":\"高怡\",\"age\":1}','{\"msg\":\"操作成功\",\"code\":200}',0,NULL,'2022-04-19 15:25:17'),
(21164,'商机转合同',2,'com.huike.web.controller.contract.TbContractController.changeContract()','PUT',1,'lisi',NULL,'/contract/changeContract/3435','172.16.43.85','内网IP','3435 {\"fileName\":\"/huike-crm/2022/04/19/55619d086d4b4135917631ba8b3f5095.pdf\",\"contractNo\":\"HTBH199\",\"subject\":\"0\",\"businessId\":3435,\"channel\":\"0\",\"deptId\":216,\"params\":{},\"activityId\":35,\"createBy\":\"lisi\",\"createTime\":1650353130959,\"phone\":\"13816667151\",\"coursePrice\":5000.0,\"name\":\"高怡\",\"discountType\":\"课程折扣\",\"id\":\"87282214157700\",\"courseId\":51,\"order\":150.0,\"status\":\"4\"}','{\"msg\":\"操作成功\",\"code\":200}',0,NULL,'2022-04-19 15:25:31'),
(21165,'线索跟进记录',1,'com.huike.web.controller.clues.TbClueTrackRecordController.add()','POST',1,'zhangsan',NULL,'/clues/record','172.16.43.85','内网IP','{\"level\":\"0\",\"nextTime\":1650427200000,\"subject\":\"1\",\"record\":\"意向学习\",\"sex\":\"0\",\"name\":\"吴芸\",\"clueId\":9583}','{\"msg\":\"操作成功\",\"code\":200}',0,NULL,'2022-04-19 15:26:42'),
(21166,'线索转商机',2,'com.huike.web.controller.clues.TbClueController.changeBusiness()','PUT',1,'zhangsan',NULL,'/clues/clue/changeBusiness/9583','172.16.43.85','内网IP','9583','{\"msg\":\"操作成功\",\"code\":200}',0,NULL,'2022-04-19 15:26:48'),
(21167,'线索跟进记录',1,'com.huike.web.controller.clues.TbClueTrackRecordController.add()','POST',1,'zhangsan',NULL,'/clues/record','172.16.43.85','内网IP','{\"level\":\"1\",\"nextTime\":1650427200000,\"subject\":\"1\",\"record\":\"意向学习\",\"sex\":\"0\",\"name\":\"安瑛毓\",\"clueId\":9581}','{\"msg\":\"操作成功\",\"code\":200}',0,NULL,'2022-04-19 15:27:03'),
(21168,'线索转商机',2,'com.huike.web.controller.clues.TbClueController.changeBusiness()','PUT',1,'zhangsan',NULL,'/clues/clue/changeBusiness/9581','172.16.43.85','内网IP','9581','{\"msg\":\"操作成功\",\"code\":200}',0,NULL,'2022-04-19 15:27:10'),
(21169,'线索转商机',2,'com.huike.web.controller.clues.TbClueController.changeBusiness()','PUT',1,'zhangsan',NULL,'/clues/clue/changeBusiness/9580','172.16.43.85','内网IP','9580','{\"msg\":\"操作成功\",\"code\":200}',0,NULL,'2022-04-19 15:27:27'),
(21170,'线索跟进记录',1,'com.huike.web.controller.clues.TbClueTrackRecordController.add()','POST',1,'zhangsan',NULL,'/clues/record','172.16.43.85','内网IP','{\"level\":\"0\",\"nextTime\":1650427200000,\"subject\":\"1\",\"record\":\"意向学习\",\"sex\":\"0\",\"name\":\"薛纯\",\"clueId\":9582}','{\"msg\":\"操作成功\",\"code\":200}',0,NULL,'2022-04-19 15:28:46'),
(21171,'线索转商机',2,'com.huike.web.controller.clues.TbClueController.changeBusiness()','PUT',1,'zhangsan',NULL,'/clues/clue/changeBusiness/9582','172.16.43.85','内网IP','9582','{\"msg\":\"操作成功\",\"code\":200}',0,NULL,'2022-04-19 15:28:48'),
(21172,'线索跟进记录',1,'com.huike.web.controller.clues.TbClueTrackRecordController.add()','POST',1,'zhangsan',NULL,'/clues/record','172.16.43.85','内网IP','{\"level\":\"1\",\"nextTime\":1650427200000,\"subject\":\"0\",\"record\":\"意向学习\",\"sex\":\"0\",\"name\":\"葛嫣昭\",\"clueId\":9565}','{\"msg\":\"操作成功\",\"code\":200}',0,NULL,'2022-04-19 15:28:59'),
(21173,'线索转商机',2,'com.huike.web.controller.clues.TbClueController.changeBusiness()','PUT',1,'zhangsan',NULL,'/clues/clue/changeBusiness/9565','172.16.43.85','内网IP','9565','{\"msg\":\"操作成功\",\"code\":200}',0,NULL,'2022-04-19 15:29:01'),
(21174,'线索跟进记录',1,'com.huike.web.controller.clues.TbClueTrackRecordController.add()','POST',1,'zhangsan',NULL,'/clues/record','172.16.43.85','内网IP','{\"level\":\"1\",\"nextTime\":1650427200000,\"subject\":\"1\",\"record\":\"意向学习\",\"sex\":\"0\",\"name\":\"黄雅\",\"clueId\":9570}','{\"msg\":\"操作成功\",\"code\":200}',0,NULL,'2022-04-19 15:29:29'),
(21175,'线索转商机',2,'com.huike.web.controller.clues.TbClueController.changeBusiness()','PUT',1,'zhangsan',NULL,'/clues/clue/changeBusiness/9570','172.16.43.85','内网IP','9570','{\"msg\":\"操作成功\",\"code\":200}',0,NULL,'2022-04-19 15:29:32'),
(21176,'线索跟进记录',1,'com.huike.web.controller.clues.TbClueTrackRecordController.add()','POST',1,'zhangsan',NULL,'/clues/record','172.16.43.85','内网IP','{\"level\":\"0\",\"nextTime\":1650427200000,\"subject\":\"0\",\"record\":\"意向学习\",\"sex\":\"0\",\"name\":\"江铭晶\",\"clueId\":9566}','{\"msg\":\"操作成功\",\"code\":200}',0,NULL,'2022-04-19 15:29:50'),
(21177,'线索转商机',2,'com.huike.web.controller.clues.TbClueController.changeBusiness()','PUT',1,'zhangsan',NULL,'/clues/clue/changeBusiness/9566','172.16.43.85','内网IP','9566','{\"msg\":\"操作成功\",\"code\":200}',0,NULL,'2022-04-19 15:29:52'),
(21178,'批量分配',2,'com.huike.web.controller.business.TbBusinessController.assignment()','PUT',1,'admin',NULL,'/business/assignment','172.16.43.85','内网IP','{\"ids\":[3431],\"userId\":4}','{\"msg\":\"全部分配\",\"code\":200}',0,NULL,'2022-04-19 15:44:17'),
(21179,'线索跟进记录',1,'com.huike.web.controller.clues.TbClueTrackRecordController.add()','POST',1,'zhangsan',NULL,'/clues/record','172.16.43.85','内网IP','{\"level\":\"0\",\"nextTime\":1650427200000,\"subject\":\"0\",\"record\":\"产品经理\",\"sex\":\"0\",\"name\":\"和之晗\",\"clueId\":9567}','{\"msg\":\"操作成功\",\"code\":200}',0,NULL,'2022-04-19 15:44:51'),
(21180,'线索转商机',2,'com.huike.web.controller.clues.TbClueController.changeBusiness()','PUT',1,'zhangsan',NULL,'/clues/clue/changeBusiness/9567','172.16.43.85','内网IP','9567','{\"msg\":\"操作成功\",\"code\":200}',0,NULL,'2022-04-19 15:44:54'),
(21181,'商机转合同',2,'com.huike.web.controller.contract.TbContractController.changeContract()','PUT',1,'lisi',NULL,'/contract/changeContract/3434','172.16.43.85','内网IP','3434 {\"fileName\":\"/huike-crm/2022/04/19/cf047097417d48f7b87a2c7336fda4ac.pdf\",\"contractNo\":\"HTBH1234\",\"params\":{},\"phone\":\"13512314512\",\"coursePrice\":0.0,\"order\":0.0}','null',1,'商机里面没有选择课程，无法转换客户合同','2022-04-19 15:45:23'),
(21182,'线索跟进记录',1,'com.huike.web.controller.clues.TbClueTrackRecordController.add()','POST',1,'zhangsan',NULL,'/clues/record','172.16.43.85','内网IP','{\"level\":\"0\",\"nextTime\":1650427200000,\"subject\":\"0\",\"record\":\"学习意向\",\"sex\":\"0\",\"name\":\"云玉\",\"clueId\":9568}','{\"msg\":\"操作成功\",\"code\":200}',0,NULL,'2022-04-19 16:01:36'),
(21183,'线索转商机',2,'com.huike.web.controller.clues.TbClueController.changeBusiness()','PUT',1,'zhangsan',NULL,'/clues/clue/changeBusiness/9568','172.16.43.85','内网IP','9568','{\"msg\":\"操作成功\",\"code\":200}',0,NULL,'2022-04-19 16:01:38'),
(21184,'线索跟进记录',1,'com.huike.web.controller.clues.TbClueTrackRecordController.add()','POST',1,'zhangsan',NULL,'/clues/record','172.16.43.85','内网IP','{\"level\":\"1\",\"nextTime\":1650427200000,\"subject\":\"1\",\"record\":\"学习意向\",\"sex\":\"0\",\"name\":\"梅雪枝\",\"clueId\":9569}','{\"msg\":\"操作成功\",\"code\":200}',0,NULL,'2022-04-19 16:01:51'),
(21185,'线索转商机',2,'com.huike.web.controller.clues.TbClueController.changeBusiness()','PUT',1,'zhangsan',NULL,'/clues/clue/changeBusiness/9569','172.16.43.85','内网IP','9569','{\"msg\":\"操作成功\",\"code\":200}',0,NULL,'2022-04-19 16:01:57'),
(21186,'线索跟进记录',1,'com.huike.web.controller.clues.TbClueTrackRecordController.add()','POST',1,'zhangsan',NULL,'/clues/record','172.16.43.85','内网IP','{\"level\":\"1\",\"nextTime\":1650427200000,\"subject\":\"0\",\"record\":\"学习意向\",\"sex\":\"0\",\"name\":\"邱萍怡\",\"clueId\":9552}','{\"msg\":\"操作成功\",\"code\":200}',0,NULL,'2022-04-19 16:02:38'),
(21187,'线索转商机',2,'com.huike.web.controller.clues.TbClueController.changeBusiness()','PUT',1,'zhangsan',NULL,'/clues/clue/changeBusiness/9552','172.16.43.85','内网IP','9552','{\"msg\":\"操作成功\",\"code\":200}',0,NULL,'2022-04-19 16:02:40'),
(21188,'线索跟进记录',1,'com.huike.web.controller.clues.TbClueTrackRecordController.add()','POST',1,'zhangsan',NULL,'/clues/record','172.16.43.85','内网IP','{\"level\":\"0\",\"nextTime\":1650427200000,\"subject\":\"0\",\"record\":\"学习意向\",\"sex\":\"0\",\"name\":\"麻卿依\",\"clueId\":9553}','{\"msg\":\"操作成功\",\"code\":200}',0,NULL,'2022-04-19 16:06:12'),
(21189,'线索转商机',2,'com.huike.web.controller.clues.TbClueController.changeBusiness()','PUT',1,'zhangsan',NULL,'/clues/clue/changeBusiness/9553','172.16.43.85','内网IP','9553','{\"msg\":\"操作成功\",\"code\":200}',0,NULL,'2022-04-19 16:06:14'),
(21190,'线索跟进记录',1,'com.huike.web.controller.clues.TbClueTrackRecordController.add()','POST',1,'zhangsan',NULL,'/clues/record','172.16.43.85','内网IP','{\"level\":\"1\",\"nextTime\":1650427200000,\"subject\":\"1\",\"record\":\"学习意向\",\"sex\":\"0\",\"name\":\"成策秀\",\"clueId\":9554}','{\"msg\":\"操作成功\",\"code\":200}',0,NULL,'2022-04-19 16:06:26'),
(21191,'线索跟进记录',1,'com.huike.web.controller.clues.TbClueTrackRecordController.add()','POST',1,'zhangsan',NULL,'/clues/record','127.0.0.1','内网IP','{\"level\":\"1\",\"nextTime\":1650513600000,\"subject\":\"1\",\"record\":\"新的跟进记录\",\"sex\":\"0\",\"name\":\"成策秀\",\"clueId\":9554}','{\"msg\":\"操作成功\",\"code\":200}',0,NULL,'2022-04-19 18:10:04'),
(21192,'商机跟进记录',1,'com.huike.web.controller.business.TbBusinessTrackRecordController.add()','POST',1,'lisi',NULL,'/business/record','127.0.0.1','内网IP','{\"nextTime\":1650427200000,\"subject\":\"0\",\"businessId\":3448,\"keyItems\":\"2,3\",\"activityId\":35,\"record\":\"客户咨询了机构相关的信息\",\"trackStatus\":\"1\",\"courseId\":51,\"level\":\"0\",\"otherIntention\":\"前端也想学习，想搞全栈\",\"sex\":\"0\",\"phone\":\"13816667126\",\"name\":\"麻卿依\",\"age\":1}','{\"msg\":\"操作成功\",\"code\":200}',0,NULL,'2022-04-19 18:11:36'),
(21193,'角色管理',2,'com.huike.web.controller.system.SysRoleController.edit()','PUT',1,'admin',NULL,'/system/role','127.0.0.1','内网IP','{\"flag\":false,\"roleId\":2,\"admin\":false,\"dataScope\":\"5\",\"delFlag\":\"0\",\"params\":{},\"roleSort\":\"2\",\"deptCheckStrictly\":true,\"createTime\":1650244837000,\"updateBy\":\"admin\",\"menuCheckStrictly\":true,\"roleKey\":\"xiansuo\",\"roleName\":\"市场专员（线索）\",\"menuIds\":[2015,1,2068,2069,2070,2071,2072,2073,2074,2016,2017,2018,2022,2046,2082,2047,2059,2077,2034],\"status\":\"0\"}','{\"msg\":\"操作成功\",\"code\":200}',0,NULL,'2022-04-19 23:42:05'),
(21194,'角色管理',2,'com.huike.web.controller.system.SysRoleController.edit()','PUT',1,'admin',NULL,'/system/role','127.0.0.1','内网IP','{\"flag\":false,\"roleId\":3,\"admin\":false,\"dataScope\":\"5\",\"delFlag\":\"0\",\"params\":{},\"roleSort\":\"3\",\"deptCheckStrictly\":true,\"createTime\":1650244863000,\"updateBy\":\"admin\",\"menuCheckStrictly\":true,\"roleKey\":\"shangji\",\"roleName\":\"销售专员(商机)\",\"menuIds\":[2001,1,2068,2069,2070,2071,2072,2073,2074,2028,2029,2031,2043,2079,2044,2045,2049,2051,2081,2066,2002,2052,2053,2080,2067,2034],\"status\":\"0\"}','{\"msg\":\"操作成功\",\"code\":200}',0,NULL,'2022-04-19 23:42:28'),
(21195,'伪线索',2,'com.huike.web.controller.clues.TbClueController.cluesFalse()','PUT',1,'zhangsan1',NULL,'/clues/clue/false/9594','127.0.0.1','内网IP','9594 {\"reason\":\"2\"}','{\"msg\":\"操作成功\",\"code\":200}',0,NULL,'2022-04-19 23:42:53'),
(21196,'批量捞取',2,'com.huike.web.controller.clues.TbClueController.gain()','PUT',1,'zhangsan1',NULL,'/clues/clue/gain','127.0.0.1','内网IP','{\"ids\":[9594],\"userId\":3}','null',1,'捞取失败！需要在 2022-04-20 01:42 后捞取','2022-04-19 23:42:59'),
(21197,'批量捞取',2,'com.huike.web.controller.clues.TbClueController.gain()','PUT',1,'zhangsan1',NULL,'/clues/clue/gain','127.0.0.1','内网IP','{\"ids\":[9594],\"userId\":3}','null',1,'捞取失败！需要在 2022-04-20 01:42 后捞取','2022-04-19 23:43:14'),
(21198,'批量捞取',2,'com.huike.web.controller.clues.TbClueController.gain()','PUT',1,'zhangsan1',NULL,'/clues/clue/gain','127.0.0.1','内网IP','{\"ids\":[9594],\"userId\":3}','null',1,'捞取失败！需要在 2022-04-20 01:42 后捞取','2022-04-19 23:44:04'),
(21199,'批量捞取',2,'com.huike.web.controller.clues.TbClueController.gain()','PUT',1,'zhangsan1',NULL,'/clues/clue/gain','127.0.0.1','内网IP','{\"ids\":[9594],\"userId\":3}','null',1,'捞取失败！需要在 2022-04-20 01:42 后捞取','2022-04-19 23:44:41'),
(21200,'批量捞取',2,'com.huike.web.controller.clues.TbClueController.gain()','PUT',1,'zhangsan3',NULL,'/clues/clue/gain','127.0.0.1','内网IP','{\"ids\":[9594],\"userId\":7}','{\"msg\":\"全部捞取成功\",\"code\":200}',0,NULL,'2022-04-19 23:45:46'),
(21201,'伪线索',2,'com.huike.web.controller.clues.TbClueController.cluesFalse()','PUT',1,'zhangsan',NULL,'/clues/clue/false/9541','127.0.0.1','内网IP','9541 {\"reason\":\"2\"}','{\"msg\":\"操作成功\",\"code\":200}',0,NULL,'2022-04-19 23:48:40'),
(21202,'批量捞取',2,'com.huike.web.controller.clues.TbClueController.gain()','PUT',1,'zhangsan',NULL,'/clues/clue/gain','127.0.0.1','内网IP','{\"ids\":[9541],\"userId\":2}','null',1,'捞取失败！需要在 2022-04-20 01:28 后捞取','2022-04-19 23:48:44'),
(21203,'批量捞取',2,'com.huike.web.controller.clues.TbClueController.gain()','PUT',1,'zhangsan',NULL,'/clues/clue/gain','127.0.0.1','内网IP','{\"ids\":[9541],\"userId\":2}','null',1,'捞取失败！需要在 2022-04-20 01:28 后捞取','2022-04-19 23:51:37'),
(21204,'批量捞取',2,'com.huike.web.controller.clues.TbClueController.gain()','PUT',1,'zhangsan',NULL,'/clues/clue/gain','127.0.0.1','内网IP','{\"ids\":[9541],\"userId\":2}','null',1,'捞取失败！需要在 2022-04-20 01:28 后捞取','2022-04-19 23:52:08'),
(21205,'批量捞取',2,'com.huike.web.controller.clues.TbClueController.gain()','PUT',1,'zhangsan',NULL,'/clues/clue/gain','127.0.0.1','内网IP','{\"ids\":[9541],\"userId\":2}','null',1,'捞取失败！需要在 2022-04-20 01:28 后捞取','2022-04-19 23:54:44'),
(21206,'批量捞取',2,'com.huike.web.controller.clues.TbClueController.gain()','PUT',1,'zhangsan',NULL,'/clues/clue/gain','127.0.0.1','内网IP','{\"ids\":[9541],\"userId\":2}','null',1,'捞取失败！需要在 2022-04-20 01:28 后捞取','2022-04-19 23:57:22'),
(21207,'伪线索',2,'com.huike.web.controller.clues.TbClueController.cluesFalse()','PUT',1,'zhangsan1',NULL,'/clues/clue/false/9587','127.0.0.1','内网IP','9587 {\"reason\":\"2\"}','{\"msg\":\"操作成功\",\"code\":200}',0,NULL,'2022-04-20 00:01:25'),
(21208,'伪线索',2,'com.huike.web.controller.clues.TbClueController.cluesFalse()','PUT',1,'zhangsan1',NULL,'/clues/clue/false/9563','127.0.0.1','内网IP','9563 {\"reason\":\"2\"}','{\"msg\":\"操作成功\",\"code\":200}',0,NULL,'2022-04-20 00:01:44'),
(21209,'批量捞取',2,'com.huike.web.controller.clues.TbClueController.gain()','PUT',1,'zhangsan1',NULL,'/clues/clue/gain','127.0.0.1','内网IP','{\"ids\":[9563],\"userId\":3}','null',1,'捞取失败！需要在 2022-04-20 01:39 后捞取','2022-04-20 00:02:57'),
(21210,'批量捞取',2,'com.huike.web.controller.clues.TbClueController.gain()','PUT',1,'admin',NULL,'/clues/clue/gain','127.0.0.1','内网IP','{\"ids\":[9563],\"userId\":1}','{\"msg\":\"全部捞取成功\",\"code\":200}',0,NULL,'2022-04-20 00:05:48'),
(21211,'线索池规则',2,'com.huike.web.controller.rule.TbRulePoolController.edit()','PUT',1,'admin',NULL,'/rule/pool','127.0.0.1','内网IP','{\"repeatGetTime\":1,\"repeatType\":\"1\",\"maxNunmber\":30,\"params\":{},\"type\":\"0\",\"warnTimeType\":\"0\",\"limitTimeType\":\"1\",\"limitTime\":3,\"warnTime\":1,\"id\":1}','{\"msg\":\"操作成功\",\"code\":200}',0,NULL,'2022-04-20 00:06:23'),
(21212,'批量捞取',2,'com.huike.web.controller.clues.TbClueController.gain()','PUT',1,'admin',NULL,'/clues/clue/gain','127.0.0.1','内网IP','{\"ids\":[9587],\"userId\":1}','{\"msg\":\"全部捞取成功\",\"code\":200}',0,NULL,'2022-04-20 00:06:30'),
(21213,'批量捞取',2,'com.huike.web.controller.clues.TbClueController.gain()','PUT',1,'zhangsan',NULL,'/clues/clue/gain','127.0.0.1','内网IP','{\"ids\":[9541],\"userId\":2}','null',1,'捞取失败！最大保有量(30)，剩余可以捞取0条线索','2022-04-20 00:06:58'),
(21214,'上传线索',6,'com.huike.web.controller.clues.TbClueController.importData()','POST',1,'lifeng',NULL,'/clues/clue/importData','127.0.0.1','内网IP','','{\"msg\":\"操作成功\",\"code\":200,\"data\":{\"failureNum\":0,\"successNum\":104}}',0,NULL,'2022-04-20 00:17:49'),
(21215,'批量捞取',2,'com.huike.web.controller.clues.TbClueController.gain()','PUT',1,'lifeng',NULL,'/clues/clue/gain','127.0.0.1','内网IP','{\"ids\":[9541],\"userId\":6}','{\"msg\":\"全部捞取成功\",\"code\":200}',0,NULL,'2022-04-20 00:37:43'),
(21216,'伪线索',2,'com.huike.web.controller.clues.TbClueController.cluesFalse()','PUT',1,'zhangsan',NULL,'/clues/clue/false/9656','127.0.0.1','内网IP','9656 {\"reason\":\"2\"}','{\"msg\":\"操作成功\",\"code\":200}',0,NULL,'2022-04-20 00:40:06'),
(21217,'伪线索',2,'com.huike.web.controller.clues.TbClueController.cluesFalse()','PUT',1,'zhangsan',NULL,'/clues/clue/false/9668','127.0.0.1','内网IP','9668 {\"reason\":\"6\"}','{\"msg\":\"操作成功\",\"code\":200}',0,NULL,'2022-04-20 00:40:15'),
(21218,'伪线索',2,'com.huike.web.controller.clues.TbClueController.cluesFalse()','PUT',1,'zhangsan',NULL,'/clues/clue/false/9098','127.0.0.1','内网IP','9098 {\"reason\":\"2\"}','{\"msg\":\"操作成功\",\"code\":200}',0,NULL,'2022-04-20 00:40:29'),
(21219,'伪线索',2,'com.huike.web.controller.clues.TbClueController.cluesFalse()','PUT',1,'zhangsan',NULL,'/clues/clue/false/9695','127.0.0.1','内网IP','9695 {\"reason\":\"5\"}','{\"msg\":\"操作成功\",\"code\":200}',0,NULL,'2022-04-20 00:40:37'),
(21220,'伪线索',2,'com.huike.web.controller.clues.TbClueController.cluesFalse()','PUT',1,'zhangsan',NULL,'/clues/clue/false/9696','127.0.0.1','内网IP','9696 {\"reason\":\"3\"}','{\"msg\":\"操作成功\",\"code\":200}',0,NULL,'2022-04-20 00:40:45'),
(21221,'伪线索',2,'com.huike.web.controller.clues.TbClueController.cluesFalse()','PUT',1,'zhangsan',NULL,'/clues/clue/false/9644','127.0.0.1','内网IP','9644 {\"reason\":\"4\"}','{\"msg\":\"操作成功\",\"code\":200}',0,NULL,'2022-04-20 00:40:56'),
(21222,'伪线索',2,'com.huike.web.controller.clues.TbClueController.cluesFalse()','PUT',1,'zhangsan',NULL,'/clues/clue/false/9100','127.0.0.1','内网IP','9100 {\"reason\":\"4\"}','{\"msg\":\"操作成功\",\"code\":200}',0,NULL,'2022-04-20 00:41:03'),
(21223,'伪线索',2,'com.huike.web.controller.clues.TbClueController.cluesFalse()','PUT',1,'zhangsan',NULL,'/clues/clue/false/9646','127.0.0.1','内网IP','9646 {\"reason\":\"2\"}','{\"msg\":\"操作成功\",\"code\":200}',0,NULL,'2022-04-20 00:41:14'),
(21224,'伪线索',2,'com.huike.web.controller.clues.TbClueController.cluesFalse()','PUT',1,'zhangsan',NULL,'/clues/clue/false/9633','127.0.0.1','内网IP','9633 {\"reason\":\"4\"}','{\"msg\":\"操作成功\",\"code\":200}',0,NULL,'2022-04-20 00:41:22'),
(21225,'伪线索',2,'com.huike.web.controller.clues.TbClueController.cluesFalse()','PUT',1,'zhangsan',NULL,'/clues/clue/false/9658','127.0.0.1','内网IP','9658 {\"reason\":\"4\"}','{\"msg\":\"操作成功\",\"code\":200}',0,NULL,'2022-04-20 00:41:30'),
(21226,'伪线索',2,'com.huike.web.controller.clues.TbClueController.cluesFalse()','PUT',1,'zhangsan',NULL,'/clues/clue/false/9540','127.0.0.1','内网IP','9540 {\"reason\":\"5\"}','{\"msg\":\"操作成功\",\"code\":200}',0,NULL,'2022-04-20 00:41:38'),
(21227,'伪线索',2,'com.huike.web.controller.clues.TbClueController.cluesFalse()','PUT',1,'zhangsan',NULL,'/clues/clue/false/9619','127.0.0.1','内网IP','9619 {\"reason\":\"4\"}','{\"msg\":\"操作成功\",\"code\":200}',0,NULL,'2022-04-20 00:42:02'),
(21228,'伪线索',2,'com.huike.web.controller.clues.TbClueController.cluesFalse()','PUT',1,'zhangsan',NULL,'/clues/clue/false/9697','127.0.0.1','内网IP','9697 {\"reason\":\"4\"}','{\"msg\":\"操作成功\",\"code\":200}',0,NULL,'2022-04-20 00:42:08'),
(21229,'伪线索',2,'com.huike.web.controller.clues.TbClueController.cluesFalse()','PUT',1,'zhangsan',NULL,'/clues/clue/false/9526','127.0.0.1','内网IP','9526 {\"reason\":\"3\"}','{\"msg\":\"操作成功\",\"code\":200}',0,NULL,'2022-04-20 00:42:16'),
(21230,'伪线索',2,'com.huike.web.controller.clues.TbClueController.cluesFalse()','PUT',1,'zhangsan',NULL,'/clues/clue/false/9642','127.0.0.1','内网IP','9642 {\"reason\":\"6\"}','{\"msg\":\"操作成功\",\"code\":200}',0,NULL,'2022-04-20 00:42:34'),
(21231,'伪线索',2,'com.huike.web.controller.clues.TbClueController.cluesFalse()','PUT',1,'zhangsan',NULL,'/clues/clue/false/9411','127.0.0.1','内网IP','9411 {\"reason\":\"2\"}','{\"msg\":\"操作成功\",\"code\":200}',0,NULL,'2022-04-20 00:42:43'),
(21232,'伪线索',2,'com.huike.web.controller.clues.TbClueController.cluesFalse()','PUT',1,'zhangsan',NULL,'/clues/clue/false/9669','127.0.0.1','内网IP','9669 {\"reason\":\"2\"}','{\"msg\":\"操作成功\",\"code\":200}',0,NULL,'2022-04-20 00:42:50'),
(21233,'伪线索',2,'com.huike.web.controller.clues.TbClueController.cluesFalse()','PUT',1,'zhangsan',NULL,'/clues/clue/false/9099','127.0.0.1','内网IP','9099 {\"reason\":\"4\"}','{\"msg\":\"操作成功\",\"code\":200}',0,NULL,'2022-04-20 00:43:03'),
(21234,'伪线索',2,'com.huike.web.controller.clues.TbClueController.cluesFalse()','PUT',1,'zhangsan',NULL,'/clues/clue/false/9618','127.0.0.1','内网IP','9618 {\"reason\":\"3\"}','{\"msg\":\"操作成功\",\"code\":200}',0,NULL,'2022-04-20 00:43:12'),
(21235,'伪线索',2,'com.huike.web.controller.clues.TbClueController.cluesFalse()','PUT',1,'zhangsan',NULL,'/clues/clue/false/9617','127.0.0.1','内网IP','9617 {\"reason\":\"3\"}','{\"msg\":\"操作成功\",\"code\":200}',0,NULL,'2022-04-20 00:43:20'),
(21236,'伪线索',2,'com.huike.web.controller.clues.TbClueController.cluesFalse()','PUT',1,'zhangsan',NULL,'/clues/clue/false/9436','127.0.0.1','内网IP','9436 {\"reason\":\"1\"}','{\"msg\":\"操作成功\",\"code\":200}',0,NULL,'2022-04-20 00:43:29'),
(21237,'伪线索',2,'com.huike.web.controller.clues.TbClueController.cluesFalse()','PUT',1,'zhangsan',NULL,'/clues/clue/false/9528','127.0.0.1','内网IP','9528 {\"reason\":\"2\"}','{\"msg\":\"操作成功\",\"code\":200}',0,NULL,'2022-04-20 00:43:38'),
(21238,'批量捞取',2,'com.huike.web.controller.clues.TbClueController.gain()','PUT',1,'zhangsan1',NULL,'/clues/clue/gain','127.0.0.1','内网IP','{\"ids\":[9098],\"userId\":3}','null',1,'捞取失败！最大保有量(30)，剩余可以捞取-164条线索','2022-04-20 00:46:03'),
(21239,'批量捞取',2,'com.huike.web.controller.clues.TbClueController.gain()','PUT',1,'zhangsan1',NULL,'/clues/clue/gain','127.0.0.1','内网IP','{\"ids\":[9099],\"userId\":3}','null',1,'捞取失败！最大保有量(30)，剩余可以捞取-164条线索','2022-04-20 00:46:08');

/*Table structure for table `sys_post` */

DROP TABLE IF EXISTS `sys_post`;

CREATE TABLE `sys_post` (
  `post_id` bigint NOT NULL AUTO_INCREMENT COMMENT '岗位ID',
  `post_code` varchar(64) CHARACTER SET utf8 COLLATE utf8_bin NOT NULL COMMENT '岗位编码',
  `post_name` varchar(50) CHARACTER SET utf8 COLLATE utf8_bin NOT NULL COMMENT '岗位名称',
  `post_sort` int NOT NULL COMMENT '显示顺序',
  `status` char(1) CHARACTER SET utf8 COLLATE utf8_bin NOT NULL COMMENT '状态（0正常 1停用）',
  `create_by` varchar(64) CHARACTER SET utf8 COLLATE utf8_bin DEFAULT '' COMMENT '创建者',
  `create_time` datetime DEFAULT NULL COMMENT '创建时间',
  `update_by` varchar(64) CHARACTER SET utf8 COLLATE utf8_bin DEFAULT '' COMMENT '更新者',
  `update_time` datetime DEFAULT NULL COMMENT '更新时间',
  `remark` varchar(500) CHARACTER SET utf8 COLLATE utf8_bin DEFAULT NULL COMMENT '备注',
  PRIMARY KEY (`post_id`)
) ENGINE=InnoDB AUTO_INCREMENT=14 DEFAULT CHARSET=utf8 COLLATE=utf8_bin COMMENT='岗位信息表';

/*Data for the table `sys_post` */

insert  into `sys_post`(`post_id`,`post_code`,`post_name`,`post_sort`,`status`,`create_by`,`create_time`,`update_by`,`update_time`,`remark`) values 
(1,'ceo','董事长',1,'0','admin','2021-03-31 03:12:10','',NULL,''),
(2,'se','项目经理',2,'0','admin','2021-03-31 03:12:10','',NULL,''),
(3,'hr','人力资源',3,'0','admin','2021-03-31 03:12:10','',NULL,''),
(4,'user','普通员工',4,'0','admin','2021-03-31 03:12:10','admin','2021-11-16 14:26:17',''),
(11,'XYG001','新员工',5,'0','admin','2021-11-19 16:15:48','',NULL,NULL),
(12,'XSBZG','销售部主管',10,'0','admin','2021-11-23 15:55:44','',NULL,NULL),
(13,'XSBZY','销售部专员',13,'0','admin','2021-11-23 15:56:10','',NULL,NULL);

/*Table structure for table `sys_role` */

DROP TABLE IF EXISTS `sys_role`;

CREATE TABLE `sys_role` (
  `role_id` bigint NOT NULL AUTO_INCREMENT COMMENT '角色ID',
  `role_name` varchar(30) CHARACTER SET utf8 COLLATE utf8_bin NOT NULL COMMENT '角色名称',
  `role_key` varchar(100) CHARACTER SET utf8 COLLATE utf8_bin NOT NULL COMMENT '角色权限字符串',
  `role_sort` int NOT NULL COMMENT '显示顺序',
  `data_scope` char(1) CHARACTER SET utf8 COLLATE utf8_bin DEFAULT '1' COMMENT '数据范围（1：全部数据权限 2：自定数据权限 3：本部门数据权限 4：本部门及以下数据权限）',
  `menu_check_strictly` tinyint(1) DEFAULT '1' COMMENT '菜单树选择项是否关联显示',
  `dept_check_strictly` tinyint(1) DEFAULT '1' COMMENT '部门树选择项是否关联显示',
  `status` char(1) CHARACTER SET utf8 COLLATE utf8_bin NOT NULL COMMENT '角色状态（0正常 1停用）',
  `del_flag` char(1) CHARACTER SET utf8 COLLATE utf8_bin DEFAULT '0' COMMENT '删除标志（0代表存在 2代表删除）',
  `create_by` varchar(64) CHARACTER SET utf8 COLLATE utf8_bin DEFAULT '' COMMENT '创建者',
  `create_time` datetime DEFAULT NULL COMMENT '创建时间',
  `update_by` varchar(64) CHARACTER SET utf8 COLLATE utf8_bin DEFAULT '' COMMENT '更新者',
  `update_time` datetime DEFAULT NULL COMMENT '更新时间',
  `remark` varchar(500) CHARACTER SET utf8 COLLATE utf8_bin DEFAULT NULL COMMENT '备注',
  PRIMARY KEY (`role_id`)
) ENGINE=InnoDB AUTO_INCREMENT=123 DEFAULT CHARSET=utf8 COLLATE=utf8_bin COMMENT='角色信息表';

/*Data for the table `sys_role` */

insert  into `sys_role`(`role_id`,`role_name`,`role_key`,`role_sort`,`data_scope`,`menu_check_strictly`,`dept_check_strictly`,`status`,`del_flag`,`create_by`,`create_time`,`update_by`,`update_time`,`remark`) values 
(1,'超级管理员','admin',1,'1',1,1,'0','0','admin','2021-03-31 03:12:10','',NULL,'超级管理员'),
(2,'市场专员（线索）','xiansuo',2,'5',1,1,'0','0','admin','2022-04-18 09:20:37','admin','2022-04-19 23:42:05',NULL),
(3,'销售专员(商机)','shangji',3,'5',1,1,'0','0','admin','2022-04-18 09:21:03','admin','2022-04-19 23:42:28',NULL),
(4,'销售主管(管理所有销售)','zhuguan',4,'4',1,1,'0','0','admin','2022-04-18 09:21:29','admin','2022-04-19 15:21:09',NULL);

/*Table structure for table `sys_role_dept` */

DROP TABLE IF EXISTS `sys_role_dept`;

CREATE TABLE `sys_role_dept` (
  `role_id` bigint NOT NULL COMMENT '角色ID',
  `dept_id` bigint NOT NULL COMMENT '部门ID',
  PRIMARY KEY (`role_id`,`dept_id`)
) ENGINE=InnoDB DEFAULT CHARSET=utf8 COLLATE=utf8_bin COMMENT='角色和部门关联表';

/*Data for the table `sys_role_dept` */

/*Table structure for table `sys_role_menu` */

DROP TABLE IF EXISTS `sys_role_menu`;

CREATE TABLE `sys_role_menu` (
  `role_id` bigint NOT NULL COMMENT '角色ID',
  `menu_id` bigint NOT NULL COMMENT '菜单ID',
  PRIMARY KEY (`role_id`,`menu_id`)
) ENGINE=InnoDB DEFAULT CHARSET=utf8 COLLATE=utf8_bin COMMENT='角色和菜单关联表';

/*Data for the table `sys_role_menu` */

insert  into `sys_role_menu`(`role_id`,`menu_id`) values 
(2,1),
(2,2015),
(2,2016),
(2,2017),
(2,2018),
(2,2022),
(2,2034),
(2,2046),
(2,2047),
(2,2059),
(2,2068),
(2,2069),
(2,2070),
(2,2071),
(2,2072),
(2,2073),
(2,2074),
(2,2077),
(2,2082),
(3,1),
(3,2001),
(3,2002),
(3,2028),
(3,2029),
(3,2031),
(3,2034),
(3,2043),
(3,2044),
(3,2045),
(3,2049),
(3,2051),
(3,2052),
(3,2053),
(3,2066),
(3,2067),
(3,2068),
(3,2069),
(3,2070),
(3,2071),
(3,2072),
(3,2073),
(3,2074),
(3,2079),
(3,2080),
(3,2081),
(4,1),
(4,2001),
(4,2002),
(4,2003),
(4,2004),
(4,2005),
(4,2006),
(4,2007),
(4,2008),
(4,2009),
(4,2010),
(4,2011),
(4,2012),
(4,2013),
(4,2015),
(4,2016),
(4,2017),
(4,2018),
(4,2019),
(4,2022),
(4,2023),
(4,2027),
(4,2028),
(4,2029),
(4,2031),
(4,2032),
(4,2033),
(4,2034),
(4,2035),
(4,2043),
(4,2044),
(4,2045),
(4,2046),
(4,2047),
(4,2048),
(4,2049),
(4,2051),
(4,2052),
(4,2053),
(4,2059),
(4,2065),
(4,2067),
(4,2068),
(4,2069),
(4,2070),
(4,2071),
(4,2072),
(4,2073),
(4,2074),
(4,2078),
(4,2079),
(4,2080);

/*Table structure for table `sys_user` */

DROP TABLE IF EXISTS `sys_user`;

CREATE TABLE `sys_user` (
  `user_id` bigint NOT NULL AUTO_INCREMENT COMMENT '用户ID',
  `dept_id` bigint DEFAULT NULL COMMENT '部门ID',
  `user_name` varchar(30) CHARACTER SET utf8 COLLATE utf8_bin NOT NULL COMMENT '用户账号',
  `nick_name` varchar(30) CHARACTER SET utf8 COLLATE utf8_bin NOT NULL COMMENT '用户昵称',
  `user_type` varchar(2) CHARACTER SET utf8 COLLATE utf8_bin DEFAULT '00' COMMENT '用户类型（00系统用户）',
  `email` varchar(50) CHARACTER SET utf8 COLLATE utf8_bin DEFAULT '' COMMENT '用户邮箱',
  `phonenumber` varchar(11) CHARACTER SET utf8 COLLATE utf8_bin DEFAULT '' COMMENT '手机号码',
  `sex` char(1) CHARACTER SET utf8 COLLATE utf8_bin DEFAULT '0' COMMENT '用户性别（0男 1女 2未知）',
  `avatar` varchar(100) CHARACTER SET utf8 COLLATE utf8_bin DEFAULT '' COMMENT '头像地址',
  `password` varchar(100) CHARACTER SET utf8 COLLATE utf8_bin DEFAULT '' COMMENT '密码',
  `status` char(1) CHARACTER SET utf8 COLLATE utf8_bin DEFAULT '0' COMMENT '帐号状态（0正常 1停用）',
  `del_flag` char(1) CHARACTER SET utf8 COLLATE utf8_bin DEFAULT '0' COMMENT '删除标志（0代表存在 2代表删除）',
  `login_ip` varchar(128) CHARACTER SET utf8 COLLATE utf8_bin DEFAULT '' COMMENT '最后登录IP',
  `login_date` datetime DEFAULT NULL COMMENT '最后登录时间',
  `create_by` varchar(64) CHARACTER SET utf8 COLLATE utf8_bin DEFAULT '' COMMENT '创建者',
  `create_time` datetime DEFAULT NULL COMMENT '创建时间',
  `update_by` varchar(64) CHARACTER SET utf8 COLLATE utf8_bin DEFAULT '' COMMENT '更新者',
  `update_time` datetime DEFAULT NULL COMMENT '更新时间',
  `remark` varchar(500) CHARACTER SET utf8 COLLATE utf8_bin DEFAULT NULL COMMENT '备注',
  PRIMARY KEY (`user_id`)
) ENGINE=InnoDB AUTO_INCREMENT=1028 DEFAULT CHARSET=utf8 COLLATE=utf8_bin COMMENT='用户信息表';

/*Data for the table `sys_user` */

insert  into `sys_user`(`user_id`,`dept_id`,`user_name`,`nick_name`,`user_type`,`email`,`phonenumber`,`sex`,`avatar`,`password`,`status`,`del_flag`,`login_ip`,`login_date`,`create_by`,`create_time`,`update_by`,`update_time`,`remark`) values 
(1,103,'admin','admin','00','admin@163.com','15888888888','1','','$2a$10$7JB720yubVSZvUI0rEqK/.VqGOZTH.ulu33dHOiBE8ByOhJIrdAu2','0','0','127.0.0.1','2021-03-31 03:12:10','admin','2021-03-31 03:12:10','',NULL,'管理员'),
(2,215,'zhangsan','zhangsan','00','zhangsan@qq.com','15777777777','0','','$2a$10$LrJqsVulcZo9Ia.dHSt02.IiB/4u/W5D3e7kSvEuV1/rW0nDb3wOu','0','0','',NULL,'admin','2022-04-18 11:29:20','admin','2022-04-18 11:46:54',NULL),
(3,215,'zhangsan1','zhangsan1','00','zhangsan1@qq.com','15333333333','0','','$2a$10$edSLagLw.q5QvLGTPP6nGulNR1ZWEQ4ar8BSCZNNwGeYfOyMKcLq6','0','0','',NULL,'admin','2022-04-18 11:32:21','admin','2022-04-18 11:47:22',NULL),
(4,216,'lisi','lisi','00','lisi@qq.com','15666666666','1','','$2a$10$3Fxg5AOywhh4MbgFLkYJE.i.QSA1VKSJVZbMI//pwsZ5boaqaRAf.','0','0','',NULL,'admin','2022-04-18 11:30:18','admin','2022-04-18 11:47:28',NULL),
(5,216,'lisi1','lisi1','00','lisi1@qq.com','15444444444','0','','$2a$10$foqej.Z0e.otPwinDGAtDOFu6HzEkPDesHjh76XNWQx52wGzD3uRy','0','0','',NULL,'admin','2022-04-18 11:33:28','admin','2022-04-18 11:47:32',NULL),
(6,214,'lifeng','lifeng','00','lifeng@qq.com','15555555555','0','','$2a$10$iC36e6hFVpa1hGX.fTYJL.swWrrukDUCyv5Zl.Jl00tL1IXWQgCCy','0','0','',NULL,'admin','2022-04-18 11:31:20','admin','2022-04-18 11:47:38',NULL),
(7,215,'zhangsan3','zhangsan3','00','zhangsan3@qq.com','15423333333','0','','$2a$10$EEK41h4r3nclQblcCgjkPuivvDjaHrbzNHCmkcQTaBDRCDEDq4SY.','0','0','',NULL,'admin','2022-04-19 01:26:21','admin','2022-04-19 01:38:25',NULL);

/*Table structure for table `sys_user_post` */

DROP TABLE IF EXISTS `sys_user_post`;

CREATE TABLE `sys_user_post` (
  `user_id` bigint NOT NULL COMMENT '用户ID',
  `post_id` bigint NOT NULL COMMENT '岗位ID',
  PRIMARY KEY (`user_id`,`post_id`)
) ENGINE=InnoDB DEFAULT CHARSET=utf8 COLLATE=utf8_bin COMMENT='用户与岗位关联表';

/*Data for the table `sys_user_post` */

/*Table structure for table `sys_user_role` */

DROP TABLE IF EXISTS `sys_user_role`;

CREATE TABLE `sys_user_role` (
  `user_id` bigint NOT NULL COMMENT '用户ID',
  `role_id` bigint NOT NULL COMMENT '角色ID',
  PRIMARY KEY (`user_id`,`role_id`)
) ENGINE=InnoDB DEFAULT CHARSET=utf8 COLLATE=utf8_bin COMMENT='用户和角色关联表';

/*Data for the table `sys_user_role` */

insert  into `sys_user_role`(`user_id`,`role_id`) values 
(1,1),
(2,2),
(3,2),
(4,3),
(5,3),
(6,4),
(7,2),
(1022,2),
(1023,3),
(1024,4),
(1025,2),
(1026,3),
(1027,2);

/*Table structure for table `tb_activity` */

DROP TABLE IF EXISTS `tb_activity`;

CREATE TABLE `tb_activity` (
  `id` bigint NOT NULL AUTO_INCREMENT COMMENT 'id',
  `name` varchar(512) CHARACTER SET utf8 COLLATE utf8_bin DEFAULT NULL COMMENT '活动名称',
  `channel` char(1) CHARACTER SET utf8 COLLATE utf8_bin DEFAULT NULL COMMENT '渠道来源',
  `info` varchar(512) CHARACTER SET utf8 COLLATE utf8_bin NOT NULL COMMENT '活动简介',
  `type` char(1) CHARACTER SET utf8 COLLATE utf8_bin DEFAULT NULL COMMENT '活动类型',
  `discount` float DEFAULT NULL COMMENT '璇剧▼鎶樻墸',
  `vouchers` int DEFAULT NULL COMMENT '课程代金券',
  `status` char(1) CHARACTER SET utf8 COLLATE utf8_bin DEFAULT '1' COMMENT '状态',
  `begin_time` timestamp NULL DEFAULT NULL COMMENT '开始时间',
  `end_time` timestamp NULL DEFAULT NULL COMMENT '结束时间',
  `create_time` timestamp NULL DEFAULT NULL,
  `code` varchar(32) CHARACTER SET utf8 COLLATE utf8_bin DEFAULT NULL,
  PRIMARY KEY (`id`)
) ENGINE=InnoDB AUTO_INCREMENT=116 DEFAULT CHARSET=utf8 COLLATE=utf8_bin COMMENT='活动管理';

/*Data for the table `tb_activity` */

insert  into `tb_activity`(`id`,`name`,`channel`,`info`,`type`,`discount`,`vouchers`,`status`,`begin_time`,`end_time`,`create_time`,`code`) values 
(1,'51促销','0','51促销','1',2,NULL,'2','2021-04-04 08:00:00','2021-04-13 08:00:00','2021-09-08 15:44:55','z9xxq9bf'),
(34,'高额代金券','0','高额代金券','2',NULL,999999,'2','2021-05-19 16:00:00','2025-06-27 16:00:00','2021-05-19 10:33:52','tg7xbghc'),
(35,'折扣活动','0','折扣活动','1',0.2,NULL,'2','2021-05-19 16:00:00','2021-05-29 16:00:00','2021-09-08 14:59:11','jbzpq819'),
(45,'1314活动月大一起','1','活动月','1',0.1,NULL,'2','2021-05-29 16:00:00','2021-06-29 15:59:00','2021-09-08 14:58:18','dy55emld'),
(66,'双十二活动','0','双十二大促','2',NULL,1000,'2','2021-11-02 08:00:00','2021-12-01 07:59:00','2021-11-02 16:06:17','mywgjau9'),
(67,'双十一打折','0','双十一打折','1',0.3,NULL,'2','2021-11-03 08:00:00','2021-12-01 07:59:00','2021-11-03 10:10:43','28f1mi5l'),
(69,'11月4日大促','0','11月4日大促','2',NULL,1000,'2','2021-12-01 08:00:00','2021-12-17 07:59:00','2021-11-04 17:18:37','ko981yxd'),
(72,'推广拉新活动','1','拉新','2',NULL,20,'2','2021-11-05 08:00:00','2022-01-01 07:59:00','2021-11-05 11:06:28','fea1wzqg'),
(73,'十一月五日','0','十一月五日','1',0.8,NULL,'2','2021-11-05 08:00:00','2021-11-27 07:59:00','2021-11-05 13:56:23','kxdao5xq'),
(74,'正月十五促销活动','0','正月十五促销活动','2',NULL,222,'2','2021-11-05 08:00:00','2021-11-27 07:59:00','2021-11-05 13:59:26','95qv61bh'),
(75,'教师节活动','0','教师节活动','2',NULL,333,'2','2021-11-05 08:00:00','2021-11-27 07:59:00','2021-11-05 22:02:22','p8jpsl9g'),
(77,'双十二快消活动','0','快速拉取新客户','2',NULL,555,'2','2021-11-05 08:00:00','2021-11-28 07:59:00','2021-11-05 22:38:28','pa35elxs'),
(78,'新春大促活动0.1折','1','新春天大促0.1折','1',0.1,NULL,'2','2022-01-04 08:00:00','2022-03-01 07:59:00','2021-11-08 22:17:04','a1a2sj8o'),
(79,'新春大促活动0.1','0','新春大促活动0.1','1',0.1,NULL,'2','2021-11-08 08:00:00','2021-12-01 07:59:00','2021-11-08 22:18:22','8k17vaou'),
(110,'双11打折','0','双11打折','1',8.5,NULL,'2','2021-11-23 00:00:00','2021-12-31 23:59:00','2021-11-23 18:49:58','3c3nechs');

/*Table structure for table `tb_assign_record` */

DROP TABLE IF EXISTS `tb_assign_record`;

CREATE TABLE `tb_assign_record` (
  `id` bigint NOT NULL AUTO_INCREMENT COMMENT '主键id',
  `assign_id` bigint DEFAULT NULL COMMENT '关联id',
  `user_id` bigint DEFAULT NULL COMMENT '所属人用户id',
  `user_name` varchar(32) CHARACTER SET utf8 COLLATE utf8_bin DEFAULT NULL COMMENT '所属人名称',
  `dept_id` bigint DEFAULT NULL COMMENT '所属人所属组织',
  `create_time` timestamp NULL DEFAULT NULL COMMENT '分配时间',
  `create_by` varchar(32) CHARACTER SET utf8 COLLATE utf8_bin DEFAULT NULL COMMENT '分配人',
  `latest` char(1) CHARACTER SET utf8 COLLATE utf8_bin DEFAULT '1' COMMENT '是否当前最新分配人',
  `type` char(1) CHARACTER SET utf8 COLLATE utf8_bin DEFAULT '0' COMMENT '类型0 线索 1 商机',
  PRIMARY KEY (`id`)
) ENGINE=InnoDB AUTO_INCREMENT=19547 DEFAULT CHARSET=utf8 COLLATE=utf8_bin COMMENT='分配记录表';

/*Data for the table `tb_assign_record` */

insert  into `tb_assign_record`(`id`,`assign_id`,`user_id`,`user_name`,`dept_id`,`create_time`,`create_by`,`latest`,`type`) values 
(19037,9097,2,'zhangsan',215,'2022-04-19 01:27:23','lifeng','1','0'),
(19038,9098,2,'zhangsan',215,'2022-04-19 01:27:23','lifeng','1','0'),
(19039,9099,2,'zhangsan',215,'2022-04-19 01:27:23','lifeng','1','0'),
(19040,9100,2,'zhangsan',215,'2022-04-19 01:27:23','lifeng','1','0'),
(19041,9101,2,'zhangsan',215,'2022-04-19 01:27:23','lifeng','1','0'),
(19042,9102,2,'zhangsan',215,'2022-04-19 01:27:23','lifeng','1','0'),
(19043,9103,3,'zhangsan1',215,'2022-04-19 01:39:29','lifeng','1','0'),
(19044,9106,3,'zhangsan1',215,'2022-04-19 01:39:30','lifeng','1','0'),
(19045,9107,3,'zhangsan1',215,'2022-04-19 01:39:30','lifeng','1','0'),
(19046,9108,3,'zhangsan1',215,'2022-04-19 01:39:30','lifeng','1','0'),
(19047,9109,3,'zhangsan1',215,'2022-04-19 01:39:30','lifeng','1','0'),
(19048,9110,2,'zhangsan',215,'2022-04-19 01:27:24','lifeng','1','0'),
(19049,9111,2,'zhangsan',215,'2022-04-19 01:27:24','lifeng','1','0'),
(19050,9112,2,'zhangsan',215,'2022-04-19 01:27:24','lifeng','1','0'),
(19051,9113,2,'zhangsan',215,'2022-04-19 01:27:24','lifeng','1','0'),
(19052,9114,2,'zhangsan',215,'2022-04-19 01:27:24','lifeng','1','0'),
(19053,9115,2,'zhangsan',215,'2022-04-19 01:27:25','lifeng','1','0'),
(19054,9116,3,'zhangsan1',215,'2022-04-19 01:39:30','lifeng','1','0'),
(19055,9119,3,'zhangsan1',215,'2022-04-19 01:39:30','lifeng','1','0'),
(19056,9120,3,'zhangsan1',215,'2022-04-19 01:39:30','lifeng','1','0'),
(19057,9121,3,'zhangsan1',215,'2022-04-19 01:39:30','lifeng','1','0'),
(19058,9122,3,'zhangsan1',215,'2022-04-19 01:39:31','lifeng','1','0'),
(19059,9123,2,'zhangsan',215,'2022-04-19 01:27:26','lifeng','1','0'),
(19060,9124,2,'zhangsan',215,'2022-04-19 01:27:26','lifeng','1','0'),
(19061,9125,2,'zhangsan',215,'2022-04-19 01:27:26','lifeng','1','0'),
(19062,9126,2,'zhangsan',215,'2022-04-19 01:27:26','lifeng','1','0'),
(19063,9127,2,'zhangsan',215,'2022-04-19 01:27:26','lifeng','1','0'),
(19064,9128,2,'zhangsan',215,'2022-04-19 01:27:26','lifeng','1','0'),
(19065,9129,3,'zhangsan1',215,'2022-04-19 01:39:31','lifeng','1','0'),
(19066,9132,3,'zhangsan1',215,'2022-04-19 01:39:31','lifeng','1','0'),
(19067,9133,3,'zhangsan1',215,'2022-04-19 01:39:31','lifeng','1','0'),
(19068,9134,3,'zhangsan1',215,'2022-04-19 01:39:31','lifeng','1','0'),
(19069,9135,3,'zhangsan1',215,'2022-04-19 01:39:31','lifeng','1','0'),
(19070,9136,2,'zhangsan',215,'2022-04-19 01:27:27','lifeng','1','0'),
(19071,9137,2,'zhangsan',215,'2022-04-19 01:27:27','lifeng','1','0'),
(19072,9138,2,'zhangsan',215,'2022-04-19 01:27:27','lifeng','1','0'),
(19073,9139,2,'zhangsan',215,'2022-04-19 01:27:27','lifeng','1','0'),
(19074,9140,2,'zhangsan',215,'2022-04-19 01:27:27','lifeng','1','0'),
(19075,9141,2,'zhangsan',215,'2022-04-19 01:27:28','lifeng','1','0'),
(19076,9142,3,'zhangsan1',215,'2022-04-19 01:39:31','lifeng','1','0'),
(19077,9145,3,'zhangsan1',215,'2022-04-19 01:39:31','lifeng','1','0'),
(19078,9146,3,'zhangsan1',215,'2022-04-19 01:39:31','lifeng','1','0'),
(19079,9147,3,'zhangsan1',215,'2022-04-19 01:39:31','lifeng','1','0'),
(19080,9148,3,'zhangsan1',215,'2022-04-19 01:39:31','lifeng','1','0'),
(19081,9149,2,'zhangsan',215,'2022-04-19 01:27:28','lifeng','1','0'),
(19082,9150,2,'zhangsan',215,'2022-04-19 01:27:28','lifeng','1','0'),
(19083,9151,2,'zhangsan',215,'2022-04-19 01:27:29','lifeng','1','0'),
(19084,9152,2,'zhangsan',215,'2022-04-19 01:27:29','lifeng','1','0'),
(19085,9153,2,'zhangsan',215,'2022-04-19 01:27:29','lifeng','1','0'),
(19086,9154,2,'zhangsan',215,'2022-04-19 01:27:29','lifeng','1','0'),
(19087,9155,3,'zhangsan1',215,'2022-04-19 01:39:31','lifeng','1','0'),
(19088,9158,3,'zhangsan1',215,'2022-04-19 01:39:31','lifeng','1','0'),
(19089,9159,3,'zhangsan1',215,'2022-04-19 01:39:31','lifeng','1','0'),
(19090,9160,3,'zhangsan1',215,'2022-04-19 01:39:32','lifeng','1','0'),
(19091,9161,3,'zhangsan1',215,'2022-04-19 01:39:32','lifeng','1','0'),
(19092,9162,2,'zhangsan',215,'2022-04-19 01:27:30','lifeng','1','0'),
(19093,9163,2,'zhangsan',215,'2022-04-19 01:27:30','lifeng','1','0'),
(19094,9164,2,'zhangsan',215,'2022-04-19 01:27:30','lifeng','1','0'),
(19095,9165,2,'zhangsan',215,'2022-04-19 01:27:30','lifeng','1','0'),
(19096,9166,2,'zhangsan',215,'2022-04-19 01:27:30','lifeng','1','0'),
(19097,9167,2,'zhangsan',215,'2022-04-19 01:27:30','lifeng','1','0'),
(19098,9168,3,'zhangsan1',215,'2022-04-19 01:39:32','lifeng','1','0'),
(19099,9171,3,'zhangsan1',215,'2022-04-19 01:39:32','lifeng','1','0'),
(19100,9172,3,'zhangsan1',215,'2022-04-19 01:39:32','lifeng','1','0'),
(19101,9173,3,'zhangsan1',215,'2022-04-19 01:39:32','lifeng','1','0'),
(19102,9174,3,'zhangsan1',215,'2022-04-19 01:39:32','lifeng','1','0'),
(19103,9175,2,'zhangsan',215,'2022-04-19 01:27:31','lifeng','1','0'),
(19104,9176,2,'zhangsan',215,'2022-04-19 01:27:31','lifeng','1','0'),
(19105,9177,2,'zhangsan',215,'2022-04-19 01:27:31','lifeng','1','0'),
(19106,9178,2,'zhangsan',215,'2022-04-19 01:27:32','lifeng','1','0'),
(19107,9179,2,'zhangsan',215,'2022-04-19 01:27:32','lifeng','1','0'),
(19108,9180,2,'zhangsan',215,'2022-04-19 01:27:32','lifeng','1','0'),
(19109,9181,3,'zhangsan1',215,'2022-04-19 01:39:32','lifeng','1','0'),
(19110,9184,3,'zhangsan1',215,'2022-04-19 01:39:32','lifeng','1','0'),
(19111,9185,3,'zhangsan1',215,'2022-04-19 01:39:32','lifeng','1','0'),
(19112,9186,3,'zhangsan1',215,'2022-04-19 01:39:32','lifeng','1','0'),
(19113,9187,3,'zhangsan1',215,'2022-04-19 01:39:32','lifeng','1','0'),
(19114,9188,2,'zhangsan',215,'2022-04-19 01:27:32','lifeng','1','0'),
(19115,9189,2,'zhangsan',215,'2022-04-19 01:27:33','lifeng','1','0'),
(19116,9190,2,'zhangsan',215,'2022-04-19 01:27:33','lifeng','1','0'),
(19117,9191,2,'zhangsan',215,'2022-04-19 01:27:33','lifeng','1','0'),
(19118,9192,2,'zhangsan',215,'2022-04-19 01:27:33','lifeng','1','0'),
(19119,9193,2,'zhangsan',215,'2022-04-19 01:27:33','lifeng','1','0'),
(19120,9194,3,'zhangsan1',215,'2022-04-19 01:39:32','lifeng','1','0'),
(19121,9197,3,'zhangsan1',215,'2022-04-19 01:39:32','lifeng','1','0'),
(19122,9198,3,'zhangsan1',215,'2022-04-19 01:39:33','lifeng','1','0'),
(19123,9199,3,'zhangsan1',215,'2022-04-19 01:39:33','lifeng','1','0'),
(19124,9200,3,'zhangsan1',215,'2022-04-19 01:39:33','lifeng','1','0'),
(19125,9201,2,'zhangsan',215,'2022-04-19 01:27:34','lifeng','1','0'),
(19126,9202,2,'zhangsan',215,'2022-04-19 01:27:34','lifeng','1','0'),
(19127,9203,2,'zhangsan',215,'2022-04-19 01:27:34','lifeng','1','0'),
(19128,9204,2,'zhangsan',215,'2022-04-19 01:27:34','lifeng','1','0'),
(19129,9205,2,'zhangsan',215,'2022-04-19 01:27:34','lifeng','1','0'),
(19130,9206,2,'zhangsan',215,'2022-04-19 01:27:34','lifeng','1','0'),
(19131,9207,3,'zhangsan1',215,'2022-04-19 01:39:33','lifeng','1','0'),
(19132,9210,3,'zhangsan1',215,'2022-04-19 01:39:33','lifeng','1','0'),
(19133,9211,3,'zhangsan1',215,'2022-04-19 01:39:33','lifeng','1','0'),
(19134,9212,3,'zhangsan1',215,'2022-04-19 01:39:33','lifeng','1','0'),
(19135,9213,3,'zhangsan1',215,'2022-04-19 01:39:33','lifeng','1','0'),
(19136,9214,2,'zhangsan',215,'2022-04-19 01:27:35','lifeng','1','0'),
(19137,9215,2,'zhangsan',215,'2022-04-19 01:27:35','lifeng','1','0'),
(19138,9216,2,'zhangsan',215,'2022-04-19 01:27:35','lifeng','1','0'),
(19139,9217,2,'zhangsan',215,'2022-04-19 01:27:35','lifeng','1','0'),
(19140,9218,2,'zhangsan',215,'2022-04-19 01:27:36','lifeng','1','0'),
(19141,9219,2,'zhangsan',215,'2022-04-19 01:27:36','lifeng','1','0'),
(19142,9220,3,'zhangsan1',215,'2022-04-19 01:39:33','lifeng','1','0'),
(19143,9223,3,'zhangsan1',215,'2022-04-19 01:39:33','lifeng','1','0'),
(19144,9224,3,'zhangsan1',215,'2022-04-19 01:39:33','lifeng','1','0'),
(19145,9225,3,'zhangsan1',215,'2022-04-19 01:39:33','lifeng','1','0'),
(19146,9226,3,'zhangsan1',215,'2022-04-19 01:39:33','lifeng','1','0'),
(19147,9227,2,'zhangsan',215,'2022-04-19 01:27:36','lifeng','1','0'),
(19148,9228,2,'zhangsan',215,'2022-04-19 01:27:37','lifeng','1','0'),
(19149,9229,2,'zhangsan',215,'2022-04-19 01:27:37','lifeng','1','0'),
(19150,9230,2,'zhangsan',215,'2022-04-19 01:27:37','lifeng','1','0'),
(19151,9231,2,'zhangsan',215,'2022-04-19 01:27:37','lifeng','1','0'),
(19152,9232,2,'zhangsan',215,'2022-04-19 01:27:37','lifeng','1','0'),
(19153,9233,3,'zhangsan1',215,'2022-04-19 01:39:33','lifeng','1','0'),
(19154,9236,3,'zhangsan1',215,'2022-04-19 01:39:33','lifeng','1','0'),
(19155,9237,3,'zhangsan1',215,'2022-04-19 01:39:33','lifeng','1','0'),
(19156,9238,3,'zhangsan1',215,'2022-04-19 01:39:34','lifeng','1','0'),
(19157,9239,3,'zhangsan1',215,'2022-04-19 01:39:34','lifeng','1','0'),
(19158,9240,2,'zhangsan',215,'2022-04-19 01:27:38','lifeng','1','0'),
(19159,9241,2,'zhangsan',215,'2022-04-19 01:27:38','lifeng','1','0'),
(19160,9242,2,'zhangsan',215,'2022-04-19 01:27:38','lifeng','1','0'),
(19161,9243,2,'zhangsan',215,'2022-04-19 01:27:38','lifeng','1','0'),
(19162,9244,2,'zhangsan',215,'2022-04-19 01:27:38','lifeng','1','0'),
(19163,9245,2,'zhangsan',215,'2022-04-19 01:27:38','lifeng','1','0'),
(19164,9246,3,'zhangsan1',215,'2022-04-19 01:39:34','lifeng','1','0'),
(19165,9249,3,'zhangsan1',215,'2022-04-19 01:39:34','lifeng','1','0'),
(19166,9250,3,'zhangsan1',215,'2022-04-19 01:39:34','lifeng','1','0'),
(19167,9251,3,'zhangsan1',215,'2022-04-19 01:39:34','lifeng','1','0'),
(19168,9252,3,'zhangsan1',215,'2022-04-19 01:39:34','lifeng','1','0'),
(19169,9253,2,'zhangsan',215,'2022-04-19 01:27:39','lifeng','1','0'),
(19170,9254,2,'zhangsan',215,'2022-04-19 01:27:39','lifeng','1','0'),
(19171,9255,2,'zhangsan',215,'2022-04-19 01:27:39','lifeng','1','0'),
(19172,9256,2,'zhangsan',215,'2022-04-19 01:27:39','lifeng','1','0'),
(19173,9257,2,'zhangsan',215,'2022-04-19 01:27:39','lifeng','1','0'),
(19174,9258,2,'zhangsan',215,'2022-04-19 01:27:39','lifeng','1','0'),
(19175,9259,3,'zhangsan1',215,'2022-04-19 01:39:34','lifeng','1','0'),
(19176,9262,3,'zhangsan1',215,'2022-04-19 01:39:34','lifeng','1','0'),
(19177,9263,3,'zhangsan1',215,'2022-04-19 01:39:34','lifeng','1','0'),
(19178,9264,3,'zhangsan1',215,'2022-04-19 01:39:34','lifeng','1','0'),
(19179,9265,3,'zhangsan1',215,'2022-04-19 01:39:34','lifeng','1','0'),
(19180,9266,2,'zhangsan',215,'2022-04-19 01:27:40','lifeng','1','0'),
(19181,9267,2,'zhangsan',215,'2022-04-19 01:27:40','lifeng','1','0'),
(19182,9268,2,'zhangsan',215,'2022-04-19 01:27:40','lifeng','1','0'),
(19183,9269,2,'zhangsan',215,'2022-04-19 01:27:40','lifeng','1','0'),
(19184,9270,2,'zhangsan',215,'2022-04-19 01:27:40','lifeng','1','0'),
(19185,9271,2,'zhangsan',215,'2022-04-19 01:27:41','lifeng','1','0'),
(19186,9272,3,'zhangsan1',215,'2022-04-19 01:39:34','lifeng','1','0'),
(19187,9275,3,'zhangsan1',215,'2022-04-19 01:39:34','lifeng','1','0'),
(19188,9276,3,'zhangsan1',215,'2022-04-19 01:39:35','lifeng','1','0'),
(19189,9277,3,'zhangsan1',215,'2022-04-19 01:39:35','lifeng','1','0'),
(19190,9278,3,'zhangsan1',215,'2022-04-19 01:39:35','lifeng','1','0'),
(19191,9279,2,'zhangsan',215,'2022-04-19 01:27:41','lifeng','1','0'),
(19192,9280,2,'zhangsan',215,'2022-04-19 01:27:41','lifeng','1','0'),
(19193,9281,2,'zhangsan',215,'2022-04-19 01:27:41','lifeng','1','0'),
(19194,9282,2,'zhangsan',215,'2022-04-19 01:27:42','lifeng','1','0'),
(19195,9283,2,'zhangsan',215,'2022-04-19 01:27:42','lifeng','1','0'),
(19196,9284,2,'zhangsan',215,'2022-04-19 01:27:42','lifeng','1','0'),
(19197,9285,3,'zhangsan1',215,'2022-04-19 01:39:35','lifeng','1','0'),
(19198,9288,3,'zhangsan1',215,'2022-04-19 01:39:35','lifeng','1','0'),
(19199,9289,3,'zhangsan1',215,'2022-04-19 01:39:35','lifeng','1','0'),
(19200,9290,3,'zhangsan1',215,'2022-04-19 01:39:35','lifeng','1','0'),
(19201,9291,3,'zhangsan1',215,'2022-04-19 01:39:35','lifeng','1','0'),
(19202,9292,2,'zhangsan',215,'2022-04-19 01:27:44','lifeng','1','0'),
(19203,9293,2,'zhangsan',215,'2022-04-19 01:27:44','lifeng','1','0'),
(19204,9294,2,'zhangsan',215,'2022-04-19 01:27:44','lifeng','1','0'),
(19205,9295,2,'zhangsan',215,'2022-04-19 01:27:44','lifeng','1','0'),
(19206,9296,2,'zhangsan',215,'2022-04-19 01:27:44','lifeng','1','0'),
(19207,9297,2,'zhangsan',215,'2022-04-19 01:27:44','lifeng','1','0'),
(19208,9298,3,'zhangsan1',215,'2022-04-19 01:39:35','lifeng','1','0'),
(19209,9301,3,'zhangsan1',215,'2022-04-19 01:39:35','lifeng','1','0'),
(19210,9302,3,'zhangsan1',215,'2022-04-19 01:39:35','lifeng','1','0'),
(19211,9303,3,'zhangsan1',215,'2022-04-19 01:39:35','lifeng','1','0'),
(19212,9304,3,'zhangsan1',215,'2022-04-19 01:39:35','lifeng','1','0'),
(19213,9305,2,'zhangsan',215,'2022-04-19 01:27:45','lifeng','1','0'),
(19214,9306,2,'zhangsan',215,'2022-04-19 01:27:45','lifeng','1','0'),
(19215,9307,2,'zhangsan',215,'2022-04-19 01:27:45','lifeng','1','0'),
(19216,9308,2,'zhangsan',215,'2022-04-19 01:27:45','lifeng','1','0'),
(19217,9309,2,'zhangsan',215,'2022-04-19 01:27:45','lifeng','1','0'),
(19218,9310,2,'zhangsan',215,'2022-04-19 01:27:45','lifeng','1','0'),
(19219,9311,3,'zhangsan1',215,'2022-04-19 01:39:35','lifeng','1','0'),
(19220,9314,3,'zhangsan1',215,'2022-04-19 01:39:35','lifeng','1','0'),
(19221,9315,3,'zhangsan1',215,'2022-04-19 01:39:36','lifeng','1','0'),
(19222,9316,3,'zhangsan1',215,'2022-04-19 01:39:36','lifeng','1','0'),
(19223,9317,3,'zhangsan1',215,'2022-04-19 01:39:36','lifeng','1','0'),
(19224,9318,2,'zhangsan',215,'2022-04-19 01:27:46','lifeng','1','0'),
(19225,9319,2,'zhangsan',215,'2022-04-19 01:27:46','lifeng','1','0'),
(19226,9320,2,'zhangsan',215,'2022-04-19 01:27:46','lifeng','1','0'),
(19227,9321,2,'zhangsan',215,'2022-04-19 01:27:46','lifeng','1','0'),
(19228,9322,2,'zhangsan',215,'2022-04-19 01:27:47','lifeng','1','0'),
(19229,9323,2,'zhangsan',215,'2022-04-19 01:27:47','lifeng','1','0'),
(19230,9324,3,'zhangsan1',215,'2022-04-19 01:39:36','lifeng','1','0'),
(19231,9327,3,'zhangsan1',215,'2022-04-19 01:39:36','lifeng','1','0'),
(19232,9328,3,'zhangsan1',215,'2022-04-19 01:39:36','lifeng','1','0'),
(19233,9329,3,'zhangsan1',215,'2022-04-19 01:39:36','lifeng','1','0'),
(19234,9330,3,'zhangsan1',215,'2022-04-19 01:39:36','lifeng','1','0'),
(19235,9331,2,'zhangsan',215,'2022-04-19 01:27:47','lifeng','1','0'),
(19236,9332,2,'zhangsan',215,'2022-04-19 01:27:48','lifeng','1','0'),
(19237,9333,2,'zhangsan',215,'2022-04-19 01:27:48','lifeng','1','0'),
(19238,9334,2,'zhangsan',215,'2022-04-19 01:27:48','lifeng','1','0'),
(19239,9335,2,'zhangsan',215,'2022-04-19 01:27:48','lifeng','1','0'),
(19240,9336,2,'zhangsan',215,'2022-04-19 01:27:48','lifeng','1','0'),
(19241,9337,3,'zhangsan1',215,'2022-04-19 01:39:36','lifeng','1','0'),
(19242,9340,3,'zhangsan1',215,'2022-04-19 01:39:36','lifeng','1','0'),
(19243,9341,3,'zhangsan1',215,'2022-04-19 01:39:36','lifeng','1','0'),
(19244,9342,3,'zhangsan1',215,'2022-04-19 01:39:36','lifeng','1','0'),
(19245,9343,3,'zhangsan1',215,'2022-04-19 01:39:36','lifeng','1','0'),
(19246,9344,2,'zhangsan',215,'2022-04-19 01:27:49','lifeng','1','0'),
(19247,9345,2,'zhangsan',215,'2022-04-19 01:27:49','lifeng','1','0'),
(19248,9346,2,'zhangsan',215,'2022-04-19 01:27:49','lifeng','1','0'),
(19249,9347,2,'zhangsan',215,'2022-04-19 01:27:49','lifeng','1','0'),
(19250,9348,2,'zhangsan',215,'2022-04-19 01:27:49','lifeng','1','0'),
(19251,9349,2,'zhangsan',215,'2022-04-19 01:27:49','lifeng','1','0'),
(19252,9350,3,'zhangsan1',215,'2022-04-19 01:39:36','lifeng','1','0'),
(19253,9353,3,'zhangsan1',215,'2022-04-19 01:39:36','lifeng','1','0'),
(19254,9354,3,'zhangsan1',215,'2022-04-19 01:39:36','lifeng','1','0'),
(19255,9355,3,'zhangsan1',215,'2022-04-19 01:39:37','lifeng','1','0'),
(19256,9356,3,'zhangsan1',215,'2022-04-19 01:39:37','lifeng','1','0'),
(19257,9357,2,'zhangsan',215,'2022-04-19 01:27:50','lifeng','1','0'),
(19258,9358,2,'zhangsan',215,'2022-04-19 01:27:50','lifeng','1','0'),
(19259,9359,2,'zhangsan',215,'2022-04-19 01:27:50','lifeng','1','0'),
(19260,9360,2,'zhangsan',215,'2022-04-19 01:27:50','lifeng','1','0'),
(19261,9361,2,'zhangsan',215,'2022-04-19 01:27:51','lifeng','1','0'),
(19262,9362,2,'zhangsan',215,'2022-04-19 01:27:51','lifeng','1','0'),
(19263,9363,3,'zhangsan1',215,'2022-04-19 01:39:37','lifeng','1','0'),
(19264,9366,3,'zhangsan1',215,'2022-04-19 01:39:37','lifeng','1','0'),
(19265,9367,3,'zhangsan1',215,'2022-04-19 01:39:37','lifeng','1','0'),
(19266,9368,3,'zhangsan1',215,'2022-04-19 01:39:37','lifeng','1','0'),
(19267,9369,3,'zhangsan1',215,'2022-04-19 01:39:37','lifeng','1','0'),
(19268,9370,2,'zhangsan',215,'2022-04-19 01:27:51','lifeng','1','0'),
(19269,9371,2,'zhangsan',215,'2022-04-19 01:27:51','lifeng','1','0'),
(19270,9372,2,'zhangsan',215,'2022-04-19 01:27:51','lifeng','1','0'),
(19271,9373,2,'zhangsan',215,'2022-04-19 01:27:51','lifeng','1','0'),
(19272,9374,2,'zhangsan',215,'2022-04-19 01:27:52','lifeng','1','0'),
(19273,9375,2,'zhangsan',215,'2022-04-19 01:27:52','lifeng','1','0'),
(19274,9376,3,'zhangsan1',215,'2022-04-19 01:39:37','lifeng','1','0'),
(19275,9379,3,'zhangsan1',215,'2022-04-19 01:39:37','lifeng','1','0'),
(19276,9380,3,'zhangsan1',215,'2022-04-19 01:39:37','lifeng','1','0'),
(19277,9381,3,'zhangsan1',215,'2022-04-19 01:39:37','lifeng','1','0'),
(19278,9382,3,'zhangsan1',215,'2022-04-19 01:39:37','lifeng','1','0'),
(19279,9383,2,'zhangsan',215,'2022-04-19 01:27:52','lifeng','1','0'),
(19280,9384,2,'zhangsan',215,'2022-04-19 01:27:52','lifeng','1','0'),
(19281,9385,2,'zhangsan',215,'2022-04-19 01:27:53','lifeng','1','0'),
(19282,9386,2,'zhangsan',215,'2022-04-19 01:27:53','lifeng','1','0'),
(19283,9387,2,'zhangsan',215,'2022-04-19 01:27:53','lifeng','1','0'),
(19284,9388,2,'zhangsan',215,'2022-04-19 01:27:53','lifeng','1','0'),
(19285,9389,3,'zhangsan1',215,'2022-04-19 01:39:37','lifeng','1','0'),
(19286,9392,3,'zhangsan1',215,'2022-04-19 01:39:37','lifeng','1','0'),
(19287,9393,3,'zhangsan1',215,'2022-04-19 01:39:38','lifeng','1','0'),
(19288,9394,3,'zhangsan1',215,'2022-04-19 01:39:38','lifeng','1','0'),
(19289,9395,3,'zhangsan1',215,'2022-04-19 01:39:38','lifeng','1','0'),
(19290,9396,2,'zhangsan',215,'2022-04-19 01:27:54','lifeng','1','0'),
(19291,9397,2,'zhangsan',215,'2022-04-19 01:27:54','lifeng','1','0'),
(19292,9398,2,'zhangsan',215,'2022-04-19 01:27:54','lifeng','1','0'),
(19293,9399,2,'zhangsan',215,'2022-04-19 01:27:54','lifeng','1','0'),
(19294,9400,2,'zhangsan',215,'2022-04-19 01:27:54','lifeng','1','0'),
(19295,9401,2,'zhangsan',215,'2022-04-19 01:27:54','lifeng','1','0'),
(19296,9402,3,'zhangsan1',215,'2022-04-19 01:39:38','lifeng','1','0'),
(19297,9405,3,'zhangsan1',215,'2022-04-19 01:39:38','lifeng','1','0'),
(19298,9406,3,'zhangsan1',215,'2022-04-19 01:39:38','lifeng','1','0'),
(19299,9407,3,'zhangsan1',215,'2022-04-19 01:39:38','lifeng','1','0'),
(19300,9408,3,'zhangsan1',215,'2022-04-19 01:39:38','lifeng','1','0'),
(19301,9409,2,'zhangsan',215,'2022-04-19 01:27:55','lifeng','1','0'),
(19302,9410,2,'zhangsan',215,'2022-04-19 01:27:55','lifeng','1','0'),
(19303,9411,2,'zhangsan',215,'2022-04-19 01:27:55','lifeng','1','0'),
(19304,9412,2,'zhangsan',215,'2022-04-19 01:27:55','lifeng','1','0'),
(19305,9413,2,'zhangsan',215,'2022-04-19 01:27:55','lifeng','1','0'),
(19306,9414,2,'zhangsan',215,'2022-04-19 01:27:56','lifeng','1','0'),
(19307,9415,3,'zhangsan1',215,'2022-04-19 01:39:38','lifeng','1','0'),
(19308,9418,3,'zhangsan1',215,'2022-04-19 01:39:38','lifeng','1','0'),
(19309,9419,3,'zhangsan1',215,'2022-04-19 01:39:38','lifeng','1','0'),
(19310,9420,3,'zhangsan1',215,'2022-04-19 01:39:38','lifeng','1','0'),
(19311,9421,3,'zhangsan1',215,'2022-04-19 01:39:38','lifeng','1','0'),
(19312,9422,2,'zhangsan',215,'2022-04-19 01:27:57','lifeng','1','0'),
(19313,9423,2,'zhangsan',215,'2022-04-19 01:27:57','lifeng','1','0'),
(19314,9424,2,'zhangsan',215,'2022-04-19 01:27:57','lifeng','1','0'),
(19315,9425,2,'zhangsan',215,'2022-04-19 01:27:57','lifeng','1','0'),
(19316,9426,2,'zhangsan',215,'2022-04-19 01:27:57','lifeng','1','0'),
(19317,9427,2,'zhangsan',215,'2022-04-19 01:27:57','lifeng','1','0'),
(19318,9428,3,'zhangsan1',215,'2022-04-19 01:39:38','lifeng','1','0'),
(19319,9431,3,'zhangsan1',215,'2022-04-19 01:39:38','lifeng','1','0'),
(19320,9432,3,'zhangsan1',215,'2022-04-19 01:39:38','lifeng','1','0'),
(19321,9433,3,'zhangsan1',215,'2022-04-19 01:39:39','lifeng','1','0'),
(19322,9434,3,'zhangsan1',215,'2022-04-19 01:39:39','lifeng','1','0'),
(19323,9435,2,'zhangsan',215,'2022-04-19 01:27:58','lifeng','1','0'),
(19324,9436,2,'zhangsan',215,'2022-04-19 01:27:58','lifeng','1','0'),
(19325,9437,2,'zhangsan',215,'2022-04-19 01:27:58','lifeng','1','0'),
(19326,9438,2,'zhangsan',215,'2022-04-19 01:27:58','lifeng','1','0'),
(19327,9439,2,'zhangsan',215,'2022-04-19 01:27:58','lifeng','1','0'),
(19328,9440,2,'zhangsan',215,'2022-04-19 01:27:59','lifeng','1','0'),
(19329,9441,3,'zhangsan1',215,'2022-04-19 01:39:39','lifeng','1','0'),
(19330,9444,3,'zhangsan1',215,'2022-04-19 01:39:39','lifeng','1','0'),
(19331,9445,3,'zhangsan1',215,'2022-04-19 01:39:39','lifeng','1','0'),
(19332,9446,3,'zhangsan1',215,'2022-04-19 01:39:39','lifeng','1','0'),
(19333,9447,3,'zhangsan1',215,'2022-04-19 01:39:39','lifeng','1','0'),
(19334,9448,2,'zhangsan',215,'2022-04-19 01:27:59','lifeng','1','0'),
(19335,9449,2,'zhangsan',215,'2022-04-19 01:28:00','lifeng','1','0'),
(19336,9450,2,'zhangsan',215,'2022-04-19 01:28:00','lifeng','1','0'),
(19337,9451,2,'zhangsan',215,'2022-04-19 01:28:00','lifeng','1','0'),
(19338,9452,2,'zhangsan',215,'2022-04-19 01:28:00','lifeng','1','0'),
(19339,9453,2,'zhangsan',215,'2022-04-19 01:28:00','lifeng','1','0'),
(19340,9454,3,'zhangsan1',215,'2022-04-19 01:39:39','lifeng','1','0'),
(19341,9457,3,'zhangsan1',215,'2022-04-19 01:39:39','lifeng','1','0'),
(19342,9458,3,'zhangsan1',215,'2022-04-19 01:39:39','lifeng','1','0'),
(19343,9459,3,'zhangsan1',215,'2022-04-19 01:39:39','lifeng','1','0'),
(19344,9460,3,'zhangsan1',215,'2022-04-19 01:39:39','lifeng','1','0'),
(19345,9461,2,'zhangsan',215,'2022-04-19 01:28:01','lifeng','1','0'),
(19346,9462,2,'zhangsan',215,'2022-04-19 01:28:01','lifeng','1','0'),
(19347,9463,2,'zhangsan',215,'2022-04-19 01:28:01','lifeng','1','0'),
(19348,9464,2,'zhangsan',215,'2022-04-19 01:28:01','lifeng','1','0'),
(19349,9465,2,'zhangsan',215,'2022-04-19 01:28:01','lifeng','1','0'),
(19350,9466,2,'zhangsan',215,'2022-04-19 01:28:02','lifeng','1','0'),
(19351,9467,3,'zhangsan1',215,'2022-04-19 01:39:40','lifeng','1','0'),
(19352,9470,3,'zhangsan1',215,'2022-04-19 01:39:40','lifeng','1','0'),
(19353,9471,3,'zhangsan1',215,'2022-04-19 01:39:40','lifeng','1','0'),
(19354,9472,3,'zhangsan1',215,'2022-04-19 01:39:40','lifeng','1','0'),
(19355,9473,3,'zhangsan1',215,'2022-04-19 01:39:40','lifeng','1','0'),
(19356,9474,2,'zhangsan',215,'2022-04-19 01:28:02','lifeng','1','0'),
(19357,9475,2,'zhangsan',215,'2022-04-19 01:28:02','lifeng','1','0'),
(19358,9476,2,'zhangsan',215,'2022-04-19 01:28:02','lifeng','1','0'),
(19359,9477,2,'zhangsan',215,'2022-04-19 01:28:02','lifeng','1','0'),
(19360,9478,2,'zhangsan',215,'2022-04-19 01:28:03','lifeng','1','0'),
(19361,9479,2,'zhangsan',215,'2022-04-19 01:28:03','lifeng','1','0'),
(19362,9480,3,'zhangsan1',215,'2022-04-19 01:39:40','lifeng','1','0'),
(19363,9483,3,'zhangsan1',215,'2022-04-19 01:39:40','lifeng','1','0'),
(19364,9484,3,'zhangsan1',215,'2022-04-19 01:39:40','lifeng','1','0'),
(19365,9485,3,'zhangsan1',215,'2022-04-19 01:39:40','lifeng','1','0'),
(19366,9486,3,'zhangsan1',215,'2022-04-19 01:39:40','lifeng','1','0'),
(19367,9487,2,'zhangsan',215,'2022-04-19 01:28:03','lifeng','1','0'),
(19368,9488,2,'zhangsan',215,'2022-04-19 01:28:04','lifeng','1','0'),
(19369,9489,2,'zhangsan',215,'2022-04-19 01:28:04','lifeng','1','0'),
(19370,9490,2,'zhangsan',215,'2022-04-19 01:28:04','lifeng','1','0'),
(19371,9491,2,'zhangsan',215,'2022-04-19 01:28:04','lifeng','1','0'),
(19372,9492,2,'zhangsan',215,'2022-04-19 01:28:04','lifeng','1','0'),
(19373,9493,3,'zhangsan1',215,'2022-04-19 01:39:40','lifeng','1','0'),
(19374,9496,3,'zhangsan1',215,'2022-04-19 01:39:40','lifeng','1','0'),
(19375,9497,3,'zhangsan1',215,'2022-04-19 01:39:40','lifeng','1','0'),
(19376,9498,3,'zhangsan1',215,'2022-04-19 01:39:41','lifeng','1','0'),
(19377,9499,3,'zhangsan1',215,'2022-04-19 01:39:41','lifeng','1','0'),
(19378,9500,2,'zhangsan',215,'2022-04-19 01:28:05','lifeng','1','0'),
(19379,9501,2,'zhangsan',215,'2022-04-19 01:28:05','lifeng','1','0'),
(19380,9502,2,'zhangsan',215,'2022-04-19 01:28:05','lifeng','1','0'),
(19381,9503,2,'zhangsan',215,'2022-04-19 01:28:05','lifeng','1','0'),
(19382,9504,2,'zhangsan',215,'2022-04-19 01:28:05','lifeng','1','0'),
(19383,9505,2,'zhangsan',215,'2022-04-19 01:28:05','lifeng','1','0'),
(19384,9506,3,'zhangsan1',215,'2022-04-19 01:39:41','lifeng','1','0'),
(19385,9509,3,'zhangsan1',215,'2022-04-19 01:39:41','lifeng','1','0'),
(19386,9510,3,'zhangsan1',215,'2022-04-19 01:39:41','lifeng','1','0'),
(19387,9511,3,'zhangsan1',215,'2022-04-19 01:39:41','lifeng','1','0'),
(19388,9512,3,'zhangsan1',215,'2022-04-19 01:39:41','lifeng','1','0'),
(19389,9513,2,'zhangsan',215,'2022-04-19 01:28:06','lifeng','1','0'),
(19390,9514,2,'zhangsan',215,'2022-04-19 01:28:06','lifeng','1','0'),
(19391,9515,2,'zhangsan',215,'2022-04-19 01:28:06','lifeng','1','0'),
(19392,9516,2,'zhangsan',215,'2022-04-19 01:28:06','lifeng','1','0'),
(19393,9517,2,'zhangsan',215,'2022-04-19 01:28:06','lifeng','1','0'),
(19394,9518,2,'zhangsan',215,'2022-04-19 01:28:07','lifeng','1','0'),
(19395,9519,3,'zhangsan1',215,'2022-04-19 01:39:41','lifeng','1','0'),
(19396,9522,3,'zhangsan1',215,'2022-04-19 01:39:41','lifeng','1','0'),
(19397,9523,3,'zhangsan1',215,'2022-04-19 01:39:41','lifeng','1','0'),
(19398,9524,3,'zhangsan1',215,'2022-04-19 01:39:41','lifeng','1','0'),
(19399,9525,3,'zhangsan1',215,'2022-04-19 01:39:41','lifeng','1','0'),
(19400,9526,2,'zhangsan',215,'2022-04-19 01:28:07','lifeng','1','0'),
(19401,9527,2,'zhangsan',215,'2022-04-19 01:28:07','lifeng','1','0'),
(19402,9528,2,'zhangsan',215,'2022-04-19 01:28:07','lifeng','1','0'),
(19403,9529,2,'zhangsan',215,'2022-04-19 01:28:07','lifeng','1','0'),
(19404,9530,2,'zhangsan',215,'2022-04-19 01:28:08','lifeng','1','0'),
(19405,9531,2,'zhangsan',215,'2022-04-19 01:28:08','lifeng','1','0'),
(19406,9532,3,'zhangsan1',215,'2022-04-19 01:39:41','lifeng','1','0'),
(19407,9535,3,'zhangsan1',215,'2022-04-19 01:39:42','lifeng','1','0'),
(19408,9536,3,'zhangsan1',215,'2022-04-19 01:39:42','lifeng','1','0'),
(19409,9537,3,'zhangsan1',215,'2022-04-19 01:39:42','lifeng','1','0'),
(19410,9538,3,'zhangsan1',215,'2022-04-19 01:39:42','lifeng','1','0'),
(19411,9539,2,'zhangsan',215,'2022-04-19 01:28:08','lifeng','1','0'),
(19412,9540,2,'zhangsan',215,'2022-04-19 01:28:08','lifeng','1','0'),
(19413,9541,2,'zhangsan',215,'2022-04-19 01:28:09','lifeng','0','0'),
(19414,9542,2,'zhangsan',215,'2022-04-19 01:28:09','lifeng','0','0'),
(19415,9543,2,'zhangsan',215,'2022-04-19 01:28:09','lifeng','1','0'),
(19416,9544,2,'zhangsan',215,'2022-04-19 01:28:09','lifeng','1','0'),
(19417,9545,3,'zhangsan1',215,'2022-04-19 01:39:42','lifeng','1','0'),
(19418,9548,3,'zhangsan1',215,'2022-04-19 01:39:42','lifeng','0','0'),
(19419,9549,3,'zhangsan1',215,'2022-04-19 01:39:43','lifeng','1','0'),
(19420,9550,3,'zhangsan1',215,'2022-04-19 01:39:43','lifeng','1','0'),
(19421,9551,3,'zhangsan1',215,'2022-04-19 01:39:43','lifeng','1','0'),
(19422,9552,2,'zhangsan',215,'2022-04-19 01:28:10','lifeng','1','0'),
(19423,9553,2,'zhangsan',215,'2022-04-19 01:28:10','lifeng','1','0'),
(19424,9554,2,'zhangsan',215,'2022-04-19 01:28:10','lifeng','1','0'),
(19425,9555,2,'zhangsan',215,'2022-04-19 01:28:10','lifeng','1','0'),
(19426,9556,2,'zhangsan',215,'2022-04-19 01:28:10','lifeng','1','0'),
(19427,9557,2,'zhangsan',215,'2022-04-19 01:28:10','lifeng','1','0'),
(19428,9558,3,'zhangsan1',215,'2022-04-19 01:39:43','lifeng','1','0'),
(19429,9561,3,'zhangsan1',215,'2022-04-19 01:39:43','lifeng','1','0'),
(19430,9562,3,'zhangsan1',215,'2022-04-19 01:39:43','lifeng','1','0'),
(19431,9563,3,'zhangsan1',215,'2022-04-17 01:39:43','lifeng','0','0'),
(19432,9564,3,'zhangsan1',215,'2022-04-19 01:39:44','lifeng','1','0'),
(19433,9565,2,'zhangsan',215,'2022-04-19 01:28:11','lifeng','1','0'),
(19434,9566,2,'zhangsan',215,'2022-04-19 01:28:11','lifeng','1','0'),
(19435,9567,2,'zhangsan',215,'2022-04-19 01:28:11','lifeng','1','0'),
(19436,9568,2,'zhangsan',215,'2022-04-19 01:28:11','lifeng','1','0'),
(19437,9569,2,'zhangsan',215,'2022-04-19 01:28:11','lifeng','1','0'),
(19438,9570,2,'zhangsan',215,'2022-04-19 01:28:11','lifeng','1','0'),
(19439,9571,3,'zhangsan1',215,'2022-04-19 01:39:44','lifeng','1','0'),
(19440,9574,3,'zhangsan1',215,'2022-04-19 01:39:44','lifeng','1','0'),
(19441,9575,3,'zhangsan1',215,'2022-04-19 01:39:44','lifeng','1','0'),
(19442,9576,3,'zhangsan1',215,'2022-04-19 01:39:44','lifeng','1','0'),
(19443,9577,3,'zhangsan1',215,'2022-04-19 01:39:45','lifeng','1','0'),
(19444,9578,2,'zhangsan',215,'2022-04-19 01:28:12','lifeng','1','0'),
(19445,9579,2,'zhangsan',215,'2022-04-19 01:28:12','lifeng','1','0'),
(19446,9580,2,'zhangsan',215,'2022-04-19 01:28:12','lifeng','1','0'),
(19447,9581,2,'zhangsan',215,'2022-04-19 01:28:12','lifeng','1','0'),
(19448,9582,2,'zhangsan',215,'2022-04-19 01:28:12','lifeng','1','0'),
(19449,9583,2,'zhangsan',215,'2022-04-19 01:28:12','lifeng','1','0'),
(19450,9584,3,'zhangsan1',215,'2022-04-19 01:39:45','lifeng','1','0'),
(19451,9587,3,'zhangsan1',215,'2022-04-19 01:39:45','lifeng','0','0'),
(19452,9588,3,'zhangsan1',215,'2022-04-19 01:39:45','lifeng','0','0'),
(19453,9589,3,'zhangsan1',215,'2022-04-19 01:39:45','lifeng','1','0'),
(19454,9590,3,'zhangsan1',215,'2022-04-19 01:39:45','lifeng','0','0'),
(19455,9591,2,'zhangsan',215,'2022-04-19 01:28:13','lifeng','1','0'),
(19456,9592,2,'zhangsan',215,'2022-04-19 01:28:13','lifeng','1','0'),
(19457,9593,2,'zhangsan',215,'2022-04-19 01:28:13','lifeng','1','0'),
(19458,9594,2,'zhangsan',215,'2022-04-19 01:28:14','lifeng','0','0'),
(19459,9595,2,'zhangsan',215,'2022-04-19 01:28:14','lifeng','1','0'),
(19460,9585,2,'zhangsan',215,'2022-04-19 01:28:40','lifeng','1','0'),
(19461,9586,2,'zhangsan',215,'2022-04-19 01:28:47','lifeng','1','0'),
(19462,9594,3,'zhangsan1',215,'2022-04-19 01:42:03','admin','0','0'),
(19463,9588,7,'zhangsan3',215,'2022-04-19 01:42:30','admin','1','0'),
(19464,9590,3,'zhangsan1',215,'2022-04-19 01:42:36','admin','1','0'),
(19465,9548,2,'zhangsan',215,'2022-04-19 01:42:44','admin','1','0'),
(19466,9542,7,'zhangsan3',215,'2022-04-19 01:42:52','admin','1','0'),
(19467,3429,4,'lisi',216,'2022-04-19 09:17:26','zhangsan','1','1'),
(19468,3430,5,'lisi1',216,'2022-04-19 15:17:25','zhangsan','1','1'),
(19469,3432,5,'lisi1',216,'2022-04-19 15:17:49','zhangsan','1','1'),
(19470,3433,4,'lisi',216,'2022-04-19 15:17:57','zhangsan','1','1'),
(19471,3434,4,'lisi',216,'2022-04-19 15:18:01','zhangsan','1','1'),
(19472,3435,4,'lisi',216,'2022-04-19 15:18:05','zhangsan','1','1'),
(19473,3436,4,'lisi',216,'2022-04-19 15:18:18','zhangsan','1','1'),
(19474,3437,5,'lisi1',216,'2022-04-19 15:26:49','zhangsan','1','1'),
(19475,3438,5,'lisi1',216,'2022-04-19 15:27:10','zhangsan','1','1'),
(19476,3439,4,'lisi',216,'2022-04-19 15:27:28','zhangsan','1','1'),
(19477,3440,5,'lisi1',216,'2022-04-19 15:28:49','zhangsan','1','1'),
(19478,3441,4,'lisi',216,'2022-04-19 15:29:02','zhangsan','1','1'),
(19479,3442,5,'lisi1',216,'2022-04-19 15:29:32','zhangsan','1','1'),
(19480,3443,4,'lisi',216,'2022-04-19 15:29:52','zhangsan','1','1'),
(19481,3431,4,'lisi',216,'2022-04-19 15:44:17','admin','1','1'),
(19482,3444,4,'lisi',216,'2022-04-19 15:44:54','zhangsan','1','1'),
(19483,3445,4,'lisi',216,'2022-04-19 16:01:39','zhangsan','1','1'),
(19484,3446,5,'lisi1',216,'2022-04-19 16:01:58','zhangsan','1','1'),
(19485,3447,4,'lisi',216,'2022-04-19 16:02:40','zhangsan','1','1'),
(19486,3448,4,'lisi',216,'2022-04-19 16:06:15','zhangsan','1','1'),
(19487,9594,7,'zhangsan3',215,'2022-04-19 23:45:46','zhangsan3','1','0'),
(19488,9563,1,'admin',103,'2022-04-20 00:05:49','admin','1','0'),
(19489,9587,1,'admin',103,'2022-04-20 00:06:30','admin','1','0'),
(19490,9602,2,'zhangsan',215,'2022-04-20 00:17:43','lifeng','1','0'),
(19491,9603,2,'zhangsan',215,'2022-04-20 00:17:43','lifeng','1','0'),
(19492,9604,2,'zhangsan',215,'2022-04-20 00:17:43','lifeng','1','0'),
(19493,9605,2,'zhangsan',215,'2022-04-20 00:17:43','lifeng','1','0'),
(19494,9606,2,'zhangsan',215,'2022-04-20 00:17:43','lifeng','1','0'),
(19495,9607,2,'zhangsan',215,'2022-04-20 00:17:43','lifeng','1','0'),
(19496,9608,3,'zhangsan1',215,'2022-04-20 00:17:44','lifeng','1','0'),
(19497,9615,2,'zhangsan',215,'2022-04-20 00:17:44','lifeng','1','0'),
(19498,9616,2,'zhangsan',215,'2022-04-20 00:17:45','lifeng','1','0'),
(19499,9617,2,'zhangsan',215,'2022-04-20 00:17:45','lifeng','1','0'),
(19500,9618,2,'zhangsan',215,'2022-04-20 00:17:45','lifeng','1','0'),
(19501,9619,2,'zhangsan',215,'2022-04-20 00:17:45','lifeng','1','0'),
(19502,9620,2,'zhangsan',215,'2022-04-20 00:17:45','lifeng','1','0'),
(19503,9621,3,'zhangsan1',215,'2022-04-20 00:17:45','lifeng','1','0'),
(19504,9628,2,'zhangsan',215,'2022-04-20 00:17:45','lifeng','1','0'),
(19505,9629,2,'zhangsan',215,'2022-04-20 00:17:45','lifeng','1','0'),
(19506,9630,2,'zhangsan',215,'2022-04-20 00:17:45','lifeng','1','0'),
(19507,9631,2,'zhangsan',215,'2022-04-20 00:17:45','lifeng','1','0'),
(19508,9632,2,'zhangsan',215,'2022-04-20 00:17:45','lifeng','1','0'),
(19509,9633,2,'zhangsan',215,'2022-04-20 00:17:46','lifeng','1','0'),
(19510,9634,3,'zhangsan1',215,'2022-04-20 00:17:46','lifeng','1','0'),
(19511,9641,2,'zhangsan',215,'2022-04-20 00:17:46','lifeng','1','0'),
(19512,9642,2,'zhangsan',215,'2022-04-20 00:17:46','lifeng','1','0'),
(19513,9643,2,'zhangsan',215,'2022-04-20 00:17:46','lifeng','1','0'),
(19514,9644,2,'zhangsan',215,'2022-04-20 00:17:46','lifeng','1','0'),
(19515,9645,2,'zhangsan',215,'2022-04-20 00:17:46','lifeng','1','0'),
(19516,9646,2,'zhangsan',215,'2022-04-20 00:17:46','lifeng','1','0'),
(19517,9647,3,'zhangsan1',215,'2022-04-20 00:17:46','lifeng','1','0'),
(19518,9654,2,'zhangsan',215,'2022-04-20 00:17:47','lifeng','1','0'),
(19519,9655,2,'zhangsan',215,'2022-04-20 00:17:47','lifeng','1','0'),
(19520,9656,2,'zhangsan',215,'2022-04-20 00:17:47','lifeng','1','0'),
(19521,9657,2,'zhangsan',215,'2022-04-20 00:17:47','lifeng','1','0'),
(19522,9658,2,'zhangsan',215,'2022-04-20 00:17:47','lifeng','1','0'),
(19523,9659,2,'zhangsan',215,'2022-04-20 00:17:47','lifeng','1','0'),
(19524,9660,3,'zhangsan1',215,'2022-04-20 00:17:47','lifeng','1','0'),
(19525,9667,2,'zhangsan',215,'2022-04-20 00:17:47','lifeng','1','0'),
(19526,9668,2,'zhangsan',215,'2022-04-20 00:17:47','lifeng','1','0'),
(19527,9669,2,'zhangsan',215,'2022-04-20 00:17:48','lifeng','1','0'),
(19528,9670,2,'zhangsan',215,'2022-04-20 00:17:48','lifeng','1','0'),
(19529,9671,2,'zhangsan',215,'2022-04-20 00:17:48','lifeng','1','0'),
(19530,9672,2,'zhangsan',215,'2022-04-20 00:17:48','lifeng','1','0'),
(19531,9673,3,'zhangsan1',215,'2022-04-20 00:17:48','lifeng','1','0'),
(19532,9680,2,'zhangsan',215,'2022-04-20 00:17:48','lifeng','1','0'),
(19533,9681,2,'zhangsan',215,'2022-04-20 00:17:48','lifeng','1','0'),
(19534,9682,2,'zhangsan',215,'2022-04-20 00:17:48','lifeng','1','0'),
(19535,9683,2,'zhangsan',215,'2022-04-20 00:17:48','lifeng','1','0'),
(19536,9684,2,'zhangsan',215,'2022-04-20 00:17:48','lifeng','1','0'),
(19537,9685,2,'zhangsan',215,'2022-04-20 00:17:48','lifeng','1','0'),
(19538,9686,3,'zhangsan1',215,'2022-04-20 00:17:49','lifeng','1','0'),
(19539,9693,2,'zhangsan',215,'2022-04-20 00:17:49','lifeng','1','0'),
(19540,9694,2,'zhangsan',215,'2022-04-20 00:17:49','lifeng','1','0'),
(19541,9695,2,'zhangsan',215,'2022-04-20 00:17:49','lifeng','1','0'),
(19542,9696,2,'zhangsan',215,'2022-04-20 00:17:49','lifeng','1','0'),
(19543,9697,2,'zhangsan',215,'2022-04-20 00:17:49','lifeng','1','0'),
(19544,9698,2,'zhangsan',215,'2022-04-20 00:17:49','lifeng','1','0'),
(19545,9699,3,'zhangsan1',215,'2022-04-20 00:17:49','lifeng','1','0'),
(19546,9541,6,'lifeng',214,'2022-04-20 00:37:44','lifeng','1','0');

/*Table structure for table `tb_business` */

DROP TABLE IF EXISTS `tb_business`;

CREATE TABLE `tb_business` (
  `id` bigint NOT NULL AUTO_INCREMENT COMMENT '商机id',
  `name` varchar(64) CHARACTER SET utf8 COLLATE utf8_bin DEFAULT NULL COMMENT '客户姓名',
  `phone` varchar(11) CHARACTER SET utf8 COLLATE utf8_bin DEFAULT NULL COMMENT '手机号',
  `channel` varchar(32) CHARACTER SET utf8 COLLATE utf8_bin DEFAULT NULL COMMENT '渠道',
  `activity_id` bigint DEFAULT NULL COMMENT '活动id',
  `provinces` varchar(32) CHARACTER SET utf8 COLLATE utf8_bin DEFAULT NULL COMMENT '省',
  `city` varchar(32) CHARACTER SET utf8 COLLATE utf8_bin DEFAULT NULL COMMENT '区',
  `sex` char(1) CHARACTER SET utf8 COLLATE utf8_bin DEFAULT '0' COMMENT '性別',
  `age` int DEFAULT NULL COMMENT '年龄',
  `weixin` varchar(32) CHARACTER SET utf8 COLLATE utf8_bin DEFAULT NULL COMMENT '微信',
  `qq` varchar(32) CHARACTER SET utf8 COLLATE utf8_bin DEFAULT NULL COMMENT 'qq',
  `level` char(1) CHARACTER SET utf8 COLLATE utf8_bin DEFAULT NULL COMMENT '意向等级',
  `subject` char(1) CHARACTER SET utf8 COLLATE utf8_bin DEFAULT NULL COMMENT '意向学科',
  `course_id` bigint DEFAULT NULL COMMENT '课程',
  `create_by` varchar(32) CHARACTER SET utf8 COLLATE utf8_bin DEFAULT NULL COMMENT '创建人',
  `create_time` timestamp NULL DEFAULT NULL COMMENT '创建时间',
  `occupation` varchar(32) CHARACTER SET utf8 COLLATE utf8_bin DEFAULT NULL COMMENT '职业',
  `education` char(1) CHARACTER SET utf8 COLLATE utf8_bin DEFAULT NULL COMMENT '学历',
  `job` char(1) CHARACTER SET utf8 COLLATE utf8_bin DEFAULT NULL COMMENT '在职情况',
  `salary` varchar(32) CHARACTER SET utf8 COLLATE utf8_bin DEFAULT NULL COMMENT '薪资',
  `major` varchar(32) CHARACTER SET utf8 COLLATE utf8_bin DEFAULT NULL COMMENT '专业',
  `expected_salary` varchar(32) CHARACTER SET utf8 COLLATE utf8_bin DEFAULT NULL COMMENT '希望薪资',
  `reasons` varchar(32) CHARACTER SET utf8 COLLATE utf8_bin DEFAULT NULL COMMENT '学习原因',
  `plan` varchar(32) CHARACTER SET utf8 COLLATE utf8_bin DEFAULT NULL COMMENT '职业计划',
  `plan_time` timestamp NULL DEFAULT NULL COMMENT '计划时间',
  `other_intention` varchar(32) CHARACTER SET utf8 COLLATE utf8_bin DEFAULT NULL COMMENT '其他意向',
  `status` char(1) CHARACTER SET utf8 COLLATE utf8_bin DEFAULT '1' COMMENT '状态(已分配1  进行中2  回收3)',
  `next_time` timestamp NULL DEFAULT NULL ON UPDATE CURRENT_TIMESTAMP,
  `last_update_time` timestamp NULL DEFAULT NULL ON UPDATE CURRENT_TIMESTAMP,
  `clue_id` bigint DEFAULT NULL,
  `transfer` char(1) CHARACTER SET utf8 COLLATE utf8_bin DEFAULT '0' COMMENT '是否转派',
  `remark` varchar(255) CHARACTER SET utf8 COLLATE utf8_bin DEFAULT NULL COMMENT '备注',
  `end_time` timestamp NULL DEFAULT NULL COMMENT '回收时间',
  PRIMARY KEY (`id`)
) ENGINE=InnoDB AUTO_INCREMENT=3449 DEFAULT CHARSET=utf8 COLLATE=utf8_bin COMMENT='商机';

/*Data for the table `tb_business` */

insert  into `tb_business`(`id`,`name`,`phone`,`channel`,`activity_id`,`provinces`,`city`,`sex`,`age`,`weixin`,`qq`,`level`,`subject`,`course_id`,`create_by`,`create_time`,`occupation`,`education`,`job`,`salary`,`major`,`expected_salary`,`reasons`,`plan`,`plan_time`,`other_intention`,`status`,`next_time`,`last_update_time`,`clue_id`,`transfer`,`remark`,`end_time`) values 
(3429,'贺奇克','13816667158','0',35,NULL,NULL,'0',25,NULL,NULL,'0','0',48,'zhangsan','2022-04-19 09:17:26',NULL,NULL,NULL,NULL,NULL,NULL,'高薪',NULL,NULL,'暂无','2','2022-04-20 12:00:00','2022-04-19 09:50:30',9585,'0',NULL,NULL),
(3430,'秦伊','13816667168','0',35,NULL,NULL,'0',NULL,NULL,NULL,'1','1',NULL,'zhangsan','2022-04-19 15:17:25',NULL,NULL,NULL,NULL,NULL,NULL,NULL,NULL,NULL,NULL,'1',NULL,NULL,9595,'0',NULL,NULL),
(3431,'冯琴炎','13816667159','0',35,NULL,NULL,'0',NULL,NULL,NULL,NULL,'4',NULL,'zhangsan','2022-04-19 15:17:33',NULL,NULL,NULL,NULL,NULL,NULL,NULL,NULL,NULL,NULL,'3',NULL,'2022-04-19 21:24:10',9586,'0',NULL,'2022-04-19 18:44:17'),
(3432,'郎蓉涵','13816667164','0',35,NULL,NULL,'0',NULL,NULL,NULL,'0','1',NULL,'zhangsan','2022-04-19 15:17:49',NULL,NULL,NULL,NULL,NULL,NULL,NULL,NULL,NULL,NULL,'1',NULL,NULL,9591,'0',NULL,NULL),
(3433,'于文瑛','13816667165','0',35,NULL,NULL,'0',NULL,NULL,NULL,'0','0',NULL,'zhangsan','2022-04-19 15:17:56',NULL,NULL,NULL,NULL,NULL,NULL,NULL,NULL,NULL,NULL,'1',NULL,NULL,9592,'0',NULL,NULL),
(3434,'潘宇黛','13816667166','0',35,NULL,NULL,'0',NULL,NULL,NULL,NULL,'0',NULL,'zhangsan','2022-04-19 15:18:01',NULL,NULL,NULL,NULL,NULL,NULL,NULL,NULL,NULL,NULL,'1',NULL,NULL,9593,'0',NULL,NULL),
(3435,'高怡','13816667151','0',35,NULL,NULL,'0',1,NULL,NULL,'2','0',51,'zhangsan','2022-04-19 15:18:05',NULL,NULL,NULL,NULL,NULL,NULL,NULL,NULL,NULL,'13512345678','7','2022-04-19 15:27:00','2022-04-19 15:25:30',9578,'0',NULL,NULL),
(3436,'翰丽','13816667152','0',35,NULL,NULL,'0',1,NULL,NULL,'0','0',51,'zhangsan','2022-04-19 15:18:18',NULL,NULL,NULL,NULL,NULL,NULL,NULL,NULL,NULL,'学习意向','7','2022-04-20 12:00:00','2022-04-19 15:20:07',9579,'0',NULL,NULL),
(3437,'吴芸','13816667156','0',35,NULL,NULL,'0',NULL,NULL,NULL,'0','1',NULL,'zhangsan','2022-04-19 15:26:49',NULL,NULL,NULL,NULL,NULL,NULL,NULL,NULL,NULL,NULL,'1',NULL,NULL,9583,'0',NULL,NULL),
(3438,'安瑛毓','13816667154','0',35,NULL,NULL,'0',NULL,NULL,NULL,'1','1',NULL,'zhangsan','2022-04-19 15:27:10',NULL,NULL,NULL,NULL,NULL,NULL,NULL,NULL,NULL,NULL,'1',NULL,NULL,9581,'0',NULL,NULL),
(3439,'邱丽宁','13816667153','0',35,NULL,NULL,'0',NULL,NULL,NULL,'0','0',NULL,'zhangsan','2022-04-19 15:27:28',NULL,NULL,NULL,NULL,NULL,NULL,NULL,NULL,NULL,NULL,'1',NULL,NULL,9580,'0',NULL,NULL),
(3440,'薛纯','13816667155','0',35,NULL,NULL,'0',NULL,NULL,NULL,'0','1',NULL,'zhangsan','2022-04-19 15:28:49',NULL,NULL,NULL,NULL,NULL,NULL,NULL,NULL,NULL,NULL,'1',NULL,NULL,9582,'0',NULL,NULL),
(3441,'葛嫣昭','13816667138','0',35,NULL,NULL,'0',NULL,NULL,NULL,'1','0',NULL,'zhangsan','2022-04-19 15:29:02',NULL,NULL,NULL,NULL,NULL,NULL,NULL,NULL,NULL,NULL,'1',NULL,NULL,9565,'0',NULL,NULL),
(3442,'黄雅','13816667143','0',35,NULL,NULL,'0',NULL,NULL,NULL,'1','1',NULL,'zhangsan','2022-04-19 15:29:32',NULL,NULL,NULL,NULL,NULL,NULL,NULL,NULL,NULL,NULL,'1',NULL,NULL,9570,'0',NULL,NULL),
(3443,'江铭晶','13816667139','0',35,NULL,NULL,'0',NULL,NULL,NULL,'0','0',NULL,'zhangsan','2022-04-19 15:29:52',NULL,NULL,NULL,NULL,NULL,NULL,NULL,NULL,NULL,NULL,'1',NULL,NULL,9566,'0',NULL,NULL),
(3444,'和之晗','13816667140','0',35,NULL,NULL,'0',NULL,NULL,NULL,'0','0',NULL,'zhangsan','2022-04-19 15:44:54',NULL,NULL,NULL,NULL,NULL,NULL,NULL,NULL,NULL,NULL,'1',NULL,NULL,9567,'0',NULL,NULL),
(3445,'云玉','13816667141','0',35,NULL,NULL,'0',NULL,NULL,NULL,'0','0',NULL,'zhangsan','2022-04-19 16:01:39',NULL,NULL,NULL,NULL,NULL,NULL,NULL,NULL,NULL,NULL,'1',NULL,NULL,9568,'0',NULL,NULL),
(3446,'梅雪枝','13816667142','0',35,NULL,NULL,'0',NULL,NULL,NULL,'1','1',NULL,'zhangsan','2022-04-19 16:01:58',NULL,NULL,NULL,NULL,NULL,NULL,NULL,NULL,NULL,NULL,'1',NULL,NULL,9569,'0',NULL,NULL),
(3447,'邱萍怡','13816667125','0',35,NULL,NULL,'0',NULL,NULL,NULL,'1','0',NULL,'zhangsan','2022-04-19 16:02:40',NULL,NULL,NULL,NULL,NULL,NULL,NULL,NULL,NULL,NULL,'1',NULL,NULL,9552,'0',NULL,NULL),
(3448,'麻卿依','13816667126','0',35,NULL,NULL,'0',1,NULL,NULL,'0','0',51,'zhangsan','2022-04-19 16:06:15',NULL,NULL,NULL,NULL,NULL,NULL,NULL,NULL,NULL,'前端也想学习，想搞全栈','2','2022-04-20 12:00:00','2022-04-19 18:11:35',9553,'0',NULL,NULL);

/*Table structure for table `tb_clue` */

DROP TABLE IF EXISTS `tb_clue`;

CREATE TABLE `tb_clue` (
  `id` bigint NOT NULL AUTO_INCREMENT COMMENT '线索id',
  `name` varchar(64) CHARACTER SET utf8 COLLATE utf8_bin DEFAULT NULL COMMENT '客户姓名',
  `phone` varchar(11) CHARACTER SET utf8 COLLATE utf8_bin DEFAULT NULL COMMENT '手机号',
  `channel` char(1) CHARACTER SET utf8 COLLATE utf8_bin DEFAULT NULL COMMENT '渠道',
  `activity_id` bigint DEFAULT NULL COMMENT '活动id',
  `sex` char(1) CHARACTER SET utf8 COLLATE utf8_bin DEFAULT NULL COMMENT '1 男 0 女',
  `age` int DEFAULT NULL COMMENT '年龄',
  `weixin` varchar(32) CHARACTER SET utf8 COLLATE utf8_bin DEFAULT NULL COMMENT '微信',
  `qq` varchar(32) CHARACTER SET utf8 COLLATE utf8_bin DEFAULT NULL COMMENT 'qq',
  `level` char(1) CHARACTER SET utf8 COLLATE utf8_bin DEFAULT NULL COMMENT '意向等级',
  `subject` char(1) CHARACTER SET utf8 COLLATE utf8_bin DEFAULT NULL COMMENT '意向学科',
  `status` char(1) CHARACTER SET utf8 COLLATE utf8_bin DEFAULT '1' COMMENT '状态(已分配1  进行中2  回收3  伪线索4)',
  `create_time` timestamp NULL DEFAULT NULL COMMENT '创建时间',
  `create_by` varchar(32) CHARACTER SET utf8 COLLATE utf8_bin DEFAULT NULL COMMENT '创建人',
  `false_count` int DEFAULT '0' COMMENT '伪线索失败次数(最大数3次)',
  `next_time` timestamp NULL DEFAULT NULL ON UPDATE CURRENT_TIMESTAMP,
  `update_time` timestamp NULL DEFAULT NULL ON UPDATE CURRENT_TIMESTAMP,
  `transfer` char(1) CHARACTER SET utf8 COLLATE utf8_bin DEFAULT '0' COMMENT '是否转派',
  `end_time` timestamp NULL DEFAULT NULL COMMENT '线索失效时间',
  PRIMARY KEY (`id`)
) ENGINE=InnoDB AUTO_INCREMENT=9700 DEFAULT CHARSET=utf8 COLLATE=utf8_bin COMMENT='线索';

/*Data for the table `tb_clue` */

insert  into `tb_clue`(`id`,`name`,`phone`,`channel`,`activity_id`,`sex`,`age`,`weixin`,`qq`,`level`,`subject`,`status`,`create_time`,`create_by`,`false_count`,`next_time`,`update_time`,`transfer`,`end_time`) values 
(9097,'高妹','13816666670','0',1,NULL,NULL,NULL,NULL,'2','0','1','2022-04-19 01:27:23','lifeng',0,NULL,NULL,'0',NULL),
(9098,'周元','13816666671','0',1,NULL,NULL,NULL,NULL,'2','0','4','2022-04-19 01:27:23','lifeng',1,NULL,'2022-04-20 00:40:28','0',NULL),
(9099,'张言娜','13816666672','0',1,NULL,NULL,NULL,NULL,'2','0','4','2022-04-19 01:27:23','lifeng',1,NULL,'2022-04-20 00:43:02','0',NULL),
(9100,'成悦','13816666673','0',1,NULL,NULL,NULL,NULL,'0','0','4','2022-04-19 01:27:23','lifeng',1,NULL,'2022-04-20 00:41:03','0',NULL),
(9101,'宋栋','13816666674','0',1,NULL,NULL,NULL,NULL,'0','0','1','2022-04-19 01:27:23','lifeng',0,NULL,NULL,'0',NULL),
(9102,'湛娴月','13816666675','0',1,NULL,NULL,NULL,NULL,'0','0','1','2022-04-19 01:27:23','lifeng',0,NULL,NULL,'0',NULL),
(9103,'元锦言','13816666676','0',1,NULL,NULL,NULL,NULL,NULL,'1','1','2022-04-19 01:27:23','lifeng',0,NULL,'2022-04-19 01:39:29','1','2022-04-22 01:39:29'),
(9104,'杨菲启','13816666677','0',1,NULL,NULL,NULL,NULL,NULL,NULL,'1','2022-04-19 01:27:23','lifeng',0,NULL,NULL,'0',NULL),
(9105,'酆珊锦','13816666678','0',1,NULL,NULL,NULL,NULL,NULL,'4','1','2022-04-19 01:27:23','lifeng',0,NULL,NULL,'0',NULL),
(9106,'湛皑晶','13816666679','0',1,NULL,NULL,NULL,NULL,NULL,'1','1','2022-04-19 01:27:23','lifeng',0,NULL,'2022-04-19 01:39:29','1','2022-04-22 01:39:30'),
(9107,'和文','13816666680','0',1,NULL,NULL,NULL,NULL,'2','1','1','2022-04-19 01:27:23','lifeng',0,NULL,'2022-04-19 01:39:29','1','2022-04-22 01:39:30'),
(9108,'戚蓉','13816666681','0',1,NULL,NULL,NULL,NULL,'2','1','1','2022-04-19 01:27:24','lifeng',0,NULL,'2022-04-19 01:39:29','1','2022-04-22 01:39:30'),
(9109,'柯丹娴','13816666682','0',1,NULL,NULL,NULL,NULL,'2','1','1','2022-04-19 01:27:24','lifeng',0,NULL,'2022-04-19 01:39:29','1','2022-04-22 01:39:30'),
(9110,'孟洁真','13816666683','0',1,NULL,NULL,NULL,NULL,'0','0','1','2022-04-19 01:27:24','lifeng',0,NULL,NULL,'0',NULL),
(9111,'华叶亨','13816666684','0',1,NULL,NULL,NULL,NULL,'0','0','1','2022-04-19 01:27:24','lifeng',0,NULL,NULL,'0',NULL),
(9112,'田妤','13816666685','0',1,NULL,NULL,NULL,NULL,'0','0','1','2022-04-19 01:27:24','lifeng',0,NULL,NULL,'0',NULL),
(9113,'霍娅悦','13816666686','0',1,NULL,NULL,NULL,NULL,NULL,'0','1','2022-04-19 01:27:24','lifeng',0,NULL,NULL,'0',NULL),
(9114,'马妤全','13816666687','0',1,NULL,NULL,NULL,NULL,NULL,'0','1','2022-04-19 01:27:24','lifeng',0,NULL,NULL,'0',NULL),
(9115,'葛翔姬','13816666688','0',1,NULL,NULL,NULL,NULL,'0','0','1','2022-04-19 01:27:25','lifeng',0,NULL,NULL,'0',NULL),
(9116,'华文奇','13816666689','0',1,NULL,NULL,NULL,NULL,NULL,'1','1','2022-04-19 01:27:25','lifeng',0,NULL,'2022-04-19 01:39:29','1','2022-04-22 01:39:30'),
(9117,'蔡思悦','13816666690','0',1,NULL,NULL,NULL,NULL,'2',NULL,'1','2022-04-19 01:27:25','lifeng',0,NULL,NULL,'0',NULL),
(9118,'贺元轮','13816666691','0',1,NULL,NULL,NULL,NULL,'2','4','1','2022-04-19 01:27:25','lifeng',0,NULL,NULL,'0',NULL),
(9119,'滕悦','13816666692','0',1,NULL,NULL,NULL,NULL,'3','1','1','2022-04-19 01:27:25','lifeng',0,NULL,'2022-04-19 01:39:29','1','2022-04-22 01:39:30'),
(9120,'姚琛霞','13816666693','0',1,NULL,NULL,NULL,NULL,NULL,'1','1','2022-04-19 01:27:25','lifeng',0,NULL,'2022-04-19 01:39:30','1','2022-04-22 01:39:30'),
(9121,'徐若瑞','13816666694','0',1,NULL,NULL,NULL,NULL,'2','1','1','2022-04-19 01:27:26','lifeng',0,NULL,'2022-04-19 01:39:30','1','2022-04-22 01:39:30'),
(9122,'管洁怡','13816666695','0',1,NULL,NULL,NULL,NULL,'2','1','1','2022-04-19 01:27:26','lifeng',0,NULL,'2022-04-19 01:39:30','1','2022-04-22 01:39:31'),
(9123,'邱鸣悦','13816666696','0',1,NULL,NULL,NULL,NULL,'2','0','1','2022-04-19 01:27:26','lifeng',0,NULL,NULL,'0',NULL),
(9124,'孟可朋','13816666697','0',1,NULL,NULL,NULL,NULL,'0','0','1','2022-04-19 01:27:26','lifeng',0,NULL,NULL,'0',NULL),
(9125,'孙苑岚','13816666698','0',1,NULL,NULL,NULL,NULL,NULL,'0','1','2022-04-19 01:27:26','lifeng',0,NULL,NULL,'0',NULL),
(9126,'金佩晗','13816666699','0',1,NULL,NULL,NULL,NULL,NULL,'0','1','2022-04-19 01:27:26','lifeng',0,NULL,NULL,'0',NULL),
(9127,'夏佩','13816666700','0',1,NULL,NULL,NULL,NULL,'2','0','1','2022-04-19 01:27:26','lifeng',0,NULL,NULL,'0',NULL),
(9128,'乐镇固','13816666701','0',1,NULL,NULL,NULL,NULL,'2','0','1','2022-04-19 01:27:26','lifeng',0,NULL,NULL,'0',NULL),
(9129,'倪亚眉','13816666702','0',1,NULL,NULL,NULL,NULL,'2','1','1','2022-04-19 01:27:26','lifeng',0,NULL,'2022-04-19 01:39:30','1','2022-04-22 01:39:31'),
(9130,'李珍兰','13816666703','0',1,NULL,NULL,NULL,NULL,'0',NULL,'1','2022-04-19 01:27:27','lifeng',0,NULL,NULL,'0',NULL),
(9131,'曹琴','13816666704','0',1,NULL,NULL,NULL,NULL,'0','4','1','2022-04-19 01:27:27','lifeng',0,NULL,NULL,'0',NULL),
(9132,'平伯淇','13816666705','0',1,NULL,NULL,NULL,NULL,'0','1','1','2022-04-19 01:27:27','lifeng',0,NULL,'2022-04-19 01:39:30','1','2022-04-22 01:39:31'),
(9133,'鲁泽','13816666706','0',1,NULL,NULL,NULL,NULL,NULL,'1','1','2022-04-19 01:27:27','lifeng',0,NULL,'2022-04-19 01:39:30','1','2022-04-22 01:39:31'),
(9134,'姚炎以','13816666707','0',1,NULL,NULL,NULL,NULL,NULL,'1','1','2022-04-19 01:27:27','lifeng',0,NULL,'2022-04-19 01:39:30','1','2022-04-22 01:39:31'),
(9135,'虞姣婷','13816666708','0',1,NULL,NULL,NULL,NULL,NULL,'1','1','2022-04-19 01:27:27','lifeng',0,NULL,'2022-04-19 01:39:31','1','2022-04-22 01:39:31'),
(9136,'庞玲亨','13816666709','0',1,NULL,NULL,NULL,NULL,NULL,'0','1','2022-04-19 01:27:27','lifeng',0,NULL,NULL,'0',NULL),
(9137,'董克露','13816666710','0',1,NULL,NULL,NULL,NULL,'2','0','1','2022-04-19 01:27:27','lifeng',0,NULL,NULL,'0',NULL),
(9138,'常宏洁','13816666711','0',1,NULL,NULL,NULL,NULL,'2','0','1','2022-04-19 01:27:27','lifeng',0,NULL,NULL,'0',NULL),
(9139,'于枝行','13816666712','0',1,NULL,NULL,NULL,NULL,'2','0','1','2022-04-19 01:27:27','lifeng',0,NULL,NULL,'0',NULL),
(9140,'水凡','13816666713','0',1,NULL,NULL,NULL,NULL,'0','0','1','2022-04-19 01:27:27','lifeng',0,NULL,NULL,'0',NULL),
(9141,'孔芝慧','13816666714','0',1,NULL,NULL,NULL,NULL,'0','0','1','2022-04-19 01:27:28','lifeng',0,NULL,NULL,'0',NULL),
(9142,'顾和','13816666715','0',1,NULL,NULL,NULL,NULL,'0','1','1','2022-04-19 01:27:28','lifeng',0,NULL,'2022-04-19 01:39:31','1','2022-04-22 01:39:31'),
(9143,'史翰霞','13816666716','0',1,NULL,NULL,NULL,NULL,NULL,NULL,'1','2022-04-19 01:27:28','lifeng',0,NULL,NULL,'0',NULL),
(9144,'胡茜','13816666717','0',1,NULL,NULL,NULL,NULL,NULL,'4','1','2022-04-19 01:27:28','lifeng',0,NULL,NULL,'0',NULL),
(9145,'成君姬','13816666718','0',1,NULL,NULL,NULL,NULL,'0','1','1','2022-04-19 01:27:28','lifeng',0,NULL,'2022-04-19 01:39:31','1','2022-04-22 01:39:31'),
(9146,'章云舒','13816666719','0',1,NULL,NULL,NULL,NULL,NULL,'1','1','2022-04-19 01:27:28','lifeng',0,NULL,'2022-04-19 01:39:31','1','2022-04-22 01:39:31'),
(9147,'奚钧可','13816666720','0',1,NULL,NULL,NULL,NULL,'2','1','1','2022-04-19 01:27:28','lifeng',0,NULL,'2022-04-19 01:39:31','1','2022-04-22 01:39:31'),
(9148,'鲍泓雁','13816666721','0',1,NULL,NULL,NULL,NULL,'2','1','1','2022-04-19 01:27:28','lifeng',0,NULL,'2022-04-19 01:39:31','1','2022-04-22 01:39:31'),
(9149,'范翔','13816666722','0',1,NULL,NULL,NULL,NULL,'3','0','1','2022-04-19 01:27:28','lifeng',0,NULL,NULL,'0',NULL),
(9150,'管泓荔','13816666723','0',1,NULL,NULL,NULL,NULL,NULL,'0','1','2022-04-19 01:27:28','lifeng',0,NULL,NULL,'0',NULL),
(9151,'酆洁','13816666724','0',1,NULL,NULL,NULL,NULL,'2','0','1','2022-04-19 01:27:29','lifeng',0,NULL,NULL,'0',NULL),
(9152,'成慧晶','13816666725','0',1,NULL,NULL,NULL,NULL,'2','0','1','2022-04-19 01:27:29','lifeng',0,NULL,NULL,'0',NULL),
(9153,'齐榕宏','13816666726','0',1,NULL,NULL,NULL,NULL,'2','0','1','2022-04-19 01:27:29','lifeng',0,NULL,NULL,'0',NULL),
(9154,'鲍菁梦','13816666727','0',1,NULL,NULL,NULL,NULL,'0','0','1','2022-04-19 01:27:29','lifeng',0,NULL,NULL,'0',NULL),
(9155,'俞寒','13816666728','0',1,NULL,NULL,NULL,NULL,NULL,'1','1','2022-04-19 01:27:29','lifeng',0,NULL,'2022-04-19 01:39:31','1','2022-04-22 01:39:31'),
(9156,'姜泰艳','13816666729','0',1,NULL,NULL,NULL,NULL,NULL,NULL,'1','2022-04-19 01:27:29','lifeng',0,NULL,NULL,'0',NULL),
(9157,'顾青蓉','13816666730','0',1,NULL,NULL,NULL,NULL,'2','4','1','2022-04-19 01:27:29','lifeng',0,NULL,NULL,'0',NULL),
(9158,'卢素欣','13816666731','0',1,NULL,NULL,NULL,NULL,'2','1','1','2022-04-19 01:27:29','lifeng',0,NULL,'2022-04-19 01:39:31','1','2022-04-22 01:39:31'),
(9159,'梁飘妤','13816666732','0',1,NULL,NULL,NULL,NULL,'2','1','1','2022-04-19 01:27:29','lifeng',0,NULL,'2022-04-19 01:39:31','1','2022-04-22 01:39:31'),
(9160,'苏梦先','13816666733','0',1,NULL,NULL,NULL,NULL,'0','1','1','2022-04-19 01:27:29','lifeng',0,NULL,'2022-04-19 01:39:31','1','2022-04-22 01:39:32'),
(9161,'袁琳贞','13816666734','0',1,NULL,NULL,NULL,NULL,'0','1','1','2022-04-19 01:27:30','lifeng',0,NULL,'2022-04-19 01:39:31','1','2022-04-22 01:39:32'),
(9162,'贝园','13816666735','0',1,NULL,NULL,NULL,NULL,'0','0','1','2022-04-19 01:27:30','lifeng',0,NULL,NULL,'0',NULL),
(9163,'马依寒','13816666736','0',1,NULL,NULL,NULL,NULL,NULL,'0','1','2022-04-19 01:27:30','lifeng',0,NULL,NULL,'0',NULL),
(9164,'强莹寒','13816666737','0',1,NULL,NULL,NULL,NULL,NULL,'0','1','2022-04-19 01:27:30','lifeng',0,NULL,NULL,'0',NULL),
(9165,'莫瑗','13816666738','0',1,NULL,NULL,NULL,NULL,NULL,'0','1','2022-04-19 01:27:30','lifeng',0,NULL,NULL,'0',NULL),
(9166,'陶宜玉','13816666739','0',1,NULL,NULL,NULL,NULL,NULL,'0','1','2022-04-19 01:27:30','lifeng',0,NULL,NULL,'0',NULL),
(9167,'姜宇若','13816666740','0',1,NULL,NULL,NULL,NULL,'2','0','1','2022-04-19 01:27:30','lifeng',0,NULL,NULL,'0',NULL),
(9168,'霍琰','13816666741','0',1,NULL,NULL,NULL,NULL,'2','1','1','2022-04-19 01:27:30','lifeng',0,NULL,'2022-04-19 01:39:31','1','2022-04-22 01:39:32'),
(9169,'徐瑶','13816666742','0',1,NULL,NULL,NULL,NULL,'2',NULL,'1','2022-04-19 01:27:31','lifeng',0,NULL,NULL,'0',NULL),
(9170,'谢弘锦','13816666743','0',1,NULL,NULL,NULL,NULL,'0','4','1','2022-04-19 01:27:31','lifeng',0,NULL,NULL,'0',NULL),
(9171,'云源鸣','13816666744','0',1,NULL,NULL,NULL,NULL,'0','1','1','2022-04-19 01:27:31','lifeng',0,NULL,'2022-04-19 01:39:31','1','2022-04-22 01:39:32'),
(9172,'薛之君','13816666745','0',1,NULL,NULL,NULL,NULL,'0','1','1','2022-04-19 01:27:31','lifeng',0,NULL,'2022-04-19 01:39:31','1','2022-04-22 01:39:32'),
(9173,'阮聪姬','13816666746','0',1,NULL,NULL,NULL,NULL,NULL,'1','1','2022-04-19 01:27:31','lifeng',0,NULL,'2022-04-19 01:39:31','1','2022-04-22 01:39:32'),
(9174,'姚玲璐','13816666747','0',66,NULL,NULL,NULL,NULL,NULL,'1','1','2022-04-19 01:27:31','lifeng',0,NULL,'2022-04-19 01:39:31','1','2022-04-22 01:39:32'),
(9175,'元乐宜','13816666748','0',66,NULL,NULL,NULL,NULL,'0','0','1','2022-04-19 01:27:31','lifeng',0,NULL,NULL,'0',NULL),
(9176,'高萱','13816666749','0',66,NULL,NULL,NULL,NULL,NULL,'0','1','2022-04-19 01:27:31','lifeng',0,NULL,NULL,'0',NULL),
(9177,'郎媛佩','13816666750','0',66,NULL,NULL,NULL,NULL,'2','0','1','2022-04-19 01:27:31','lifeng',0,NULL,NULL,'0',NULL),
(9178,'酆聪莹','13816666751','0',66,NULL,NULL,NULL,NULL,'2','0','1','2022-04-19 01:27:32','lifeng',0,NULL,NULL,'0',NULL),
(9179,'凌灵盛','13816666752','0',66,NULL,NULL,NULL,NULL,'3','0','1','2022-04-19 01:27:32','lifeng',0,NULL,NULL,'0',NULL),
(9180,'邬亮','13816666753','0',66,NULL,NULL,NULL,NULL,NULL,'0','1','2022-04-19 01:27:32','lifeng',0,NULL,NULL,'0',NULL),
(9181,'苏泽珠','13816666754','0',66,NULL,NULL,NULL,NULL,'2','1','1','2022-04-19 01:27:32','lifeng',0,NULL,'2022-04-19 01:39:32','1','2022-04-22 01:39:32'),
(9182,'祝茜镇','13816666755','0',66,NULL,NULL,NULL,NULL,'2',NULL,'1','2022-04-19 01:27:32','lifeng',0,NULL,NULL,'0',NULL),
(9183,'韦雅','13816666756','0',66,NULL,NULL,NULL,NULL,'2','4','1','2022-04-19 01:27:32','lifeng',0,NULL,NULL,'0',NULL),
(9184,'元萍炎','13816666757','0',66,NULL,NULL,NULL,NULL,'0','1','1','2022-04-19 01:27:32','lifeng',0,NULL,'2022-04-19 01:39:32','1','2022-04-22 01:39:32'),
(9185,'麻弘','13816666758','0',66,NULL,NULL,NULL,NULL,NULL,'1','1','2022-04-19 01:27:32','lifeng',0,NULL,'2022-04-19 01:39:32','1','2022-04-22 01:39:32'),
(9186,'袁雅','13816666759','0',66,NULL,NULL,NULL,NULL,NULL,'1','1','2022-04-19 01:27:32','lifeng',0,NULL,'2022-04-19 01:39:32','1','2022-04-22 01:39:32'),
(9187,'倪沫克','13816666760','0',66,NULL,NULL,NULL,NULL,'2','1','1','2022-04-19 01:27:32','lifeng',0,NULL,'2022-04-19 01:39:32','1','2022-04-22 01:39:32'),
(9188,'罗美航','13816666761','0',66,NULL,NULL,NULL,NULL,'2','0','1','2022-04-19 01:27:32','lifeng',0,NULL,NULL,'0',NULL),
(9189,'袁茹乐','13816666762','0',66,NULL,NULL,NULL,NULL,'2','0','1','2022-04-19 01:27:33','lifeng',0,NULL,NULL,'0',NULL),
(9190,'余莹和','13816666763','0',66,NULL,NULL,NULL,NULL,'0','0','1','2022-04-19 01:27:33','lifeng',0,NULL,NULL,'0',NULL),
(9191,'刁欢莲','13816666764','0',66,NULL,NULL,NULL,NULL,'0','0','1','2022-04-19 01:27:33','lifeng',0,NULL,NULL,'0',NULL),
(9192,'俞榕','13816666765','0',66,NULL,NULL,NULL,NULL,'0','0','1','2022-04-19 01:27:33','lifeng',0,NULL,NULL,'0',NULL),
(9193,'元鹏眉','13816666766','0',66,NULL,NULL,NULL,NULL,NULL,'0','1','2022-04-19 01:27:33','lifeng',0,NULL,NULL,'0',NULL),
(9194,'贝夕珍','13816666767','0',66,NULL,NULL,NULL,NULL,NULL,'1','1','2022-04-19 01:27:33','lifeng',0,NULL,'2022-04-19 01:39:32','1','2022-04-22 01:39:32'),
(9195,'齐勤莹','13816666768','0',66,NULL,NULL,NULL,NULL,NULL,NULL,'1','2022-04-19 01:27:33','lifeng',0,NULL,NULL,'0',NULL),
(9196,'昌士','13816666769','0',66,NULL,NULL,NULL,NULL,NULL,'4','1','2022-04-19 01:27:33','lifeng',0,NULL,NULL,'0',NULL),
(9197,'虞梦','13816666770','0',66,NULL,NULL,NULL,NULL,'2','1','1','2022-04-19 01:27:33','lifeng',0,NULL,'2022-04-19 01:39:32','1','2022-04-22 01:39:32'),
(9198,'锺盛宏','13816666771','0',66,NULL,NULL,NULL,NULL,'2','1','1','2022-04-19 01:27:33','lifeng',0,NULL,'2022-04-19 01:39:32','1','2022-04-22 01:39:33'),
(9199,'支姬琦','13816666772','0',66,NULL,NULL,NULL,NULL,'2','1','1','2022-04-19 01:27:33','lifeng',0,NULL,'2022-04-19 01:39:32','1','2022-04-22 01:39:33'),
(9200,'王荔瑞','13816666773','0',66,NULL,NULL,NULL,NULL,'0','1','1','2022-04-19 01:27:33','lifeng',0,NULL,'2022-04-19 01:39:32','1','2022-04-22 01:39:33'),
(9201,'葛宜旭','13816666774','0',66,NULL,NULL,NULL,NULL,'0','0','1','2022-04-19 01:27:34','lifeng',0,NULL,NULL,'0',NULL),
(9202,'伏泽策','13816666775','0',66,NULL,NULL,NULL,NULL,'0','0','1','2022-04-19 01:27:34','lifeng',0,NULL,NULL,'0',NULL),
(9203,'柏腾萱','13816666776','0',66,NULL,NULL,NULL,NULL,NULL,'0','1','2022-04-19 01:27:34','lifeng',0,NULL,NULL,'0',NULL),
(9204,'方眉娅','13816666777','0',66,NULL,NULL,NULL,NULL,NULL,'0','1','2022-04-19 01:27:34','lifeng',0,NULL,NULL,'0',NULL),
(9205,'雷月','13816666778','0',66,NULL,NULL,NULL,NULL,'0','0','1','2022-04-19 01:27:34','lifeng',0,NULL,NULL,'0',NULL),
(9206,'雷铎菁','13816666779','0',66,NULL,NULL,NULL,NULL,NULL,'0','1','2022-04-19 01:27:34','lifeng',0,NULL,NULL,'0',NULL),
(9207,'马芝欢','13816666780','0',66,NULL,NULL,NULL,NULL,'2','1','1','2022-04-19 01:27:34','lifeng',0,NULL,'2022-04-19 01:39:32','1','2022-04-22 01:39:33'),
(9208,'周子','13816666781','0',66,NULL,NULL,NULL,NULL,'2',NULL,'1','2022-04-19 01:27:34','lifeng',0,NULL,NULL,'0',NULL),
(9209,'骆瑗瑶','13816666782','0',66,NULL,NULL,NULL,NULL,'3','4','1','2022-04-19 01:27:35','lifeng',0,NULL,NULL,'0',NULL),
(9210,'齐丽琴','13816666783','0',66,NULL,NULL,NULL,NULL,NULL,'1','1','2022-04-19 01:27:35','lifeng',0,NULL,'2022-04-19 01:39:32','1','2022-04-22 01:39:33'),
(9211,'秦洁渊','13816666784','0',66,NULL,NULL,NULL,NULL,'2','1','1','2022-04-19 01:27:35','lifeng',0,NULL,'2022-04-19 01:39:32','1','2022-04-22 01:39:33'),
(9212,'秦淳镇','13816666785','0',66,NULL,NULL,NULL,NULL,'2','1','1','2022-04-19 01:27:35','lifeng',0,NULL,'2022-04-19 01:39:32','1','2022-04-22 01:39:33'),
(9213,'皮瑶','13816666786','0',66,NULL,NULL,NULL,NULL,'2','1','1','2022-04-19 01:27:35','lifeng',0,NULL,'2022-04-19 01:39:33','1','2022-04-22 01:39:33'),
(9214,'沈咏之','13816666787','0',66,NULL,NULL,NULL,NULL,'0','0','1','2022-04-19 01:27:35','lifeng',0,NULL,NULL,'0',NULL),
(9215,'梁楠梦','13816666788','0',66,NULL,NULL,NULL,NULL,NULL,'0','1','2022-04-19 01:27:35','lifeng',0,NULL,NULL,'0',NULL),
(9216,'强娅淳','13816666789','0',66,NULL,NULL,NULL,NULL,NULL,'0','1','2022-04-19 01:27:35','lifeng',0,NULL,NULL,'0',NULL),
(9217,'禹澜','13816666790','0',66,NULL,NULL,NULL,NULL,'2','0','1','2022-04-19 01:27:35','lifeng',0,NULL,NULL,'0',NULL),
(9218,'林园瑶','13816666791','0',66,NULL,NULL,NULL,NULL,'2','0','1','2022-04-19 01:27:36','lifeng',0,NULL,NULL,'0',NULL),
(9219,'熊冠艳','13816666792','0',66,NULL,NULL,NULL,NULL,'2','0','1','2022-04-19 01:27:36','lifeng',0,NULL,NULL,'0',NULL),
(9220,'章露柏','13816666793','0',66,NULL,NULL,NULL,NULL,'0','1','1','2022-04-19 01:27:36','lifeng',0,NULL,'2022-04-19 01:39:33','1','2022-04-22 01:39:33'),
(9221,'汤克','13816666794','0',66,NULL,NULL,NULL,NULL,'0',NULL,'1','2022-04-19 01:27:36','lifeng',0,NULL,NULL,'0',NULL),
(9222,'严月','13816666795','0',66,NULL,NULL,NULL,NULL,'0','4','1','2022-04-19 01:27:36','lifeng',0,NULL,NULL,'0',NULL),
(9223,'花翔希','13816666796','0',72,NULL,NULL,NULL,NULL,NULL,'1','1','2022-04-19 01:27:36','lifeng',0,NULL,'2022-04-19 01:39:33','1','2022-04-22 01:39:33'),
(9224,'奚伯聪','13816666797','0',72,NULL,NULL,NULL,NULL,NULL,'1','1','2022-04-19 01:27:36','lifeng',0,NULL,'2022-04-19 01:39:33','1','2022-04-22 01:39:33'),
(9225,'蔡亚萍','13816666798','0',72,NULL,NULL,NULL,NULL,NULL,'1','1','2022-04-19 01:27:36','lifeng',0,NULL,'2022-04-19 01:39:33','1','2022-04-22 01:39:33'),
(9226,'臧佩','13816666799','0',72,NULL,NULL,NULL,NULL,NULL,'1','1','2022-04-19 01:27:36','lifeng',0,NULL,'2022-04-19 01:39:33','1','2022-04-22 01:39:33'),
(9227,'郑倩丽','13816666800','0',72,NULL,NULL,NULL,NULL,'2','0','1','2022-04-19 01:27:36','lifeng',0,NULL,NULL,'0',NULL),
(9228,'韦冠雪','13816666801','0',72,NULL,NULL,NULL,NULL,'2','0','1','2022-04-19 01:27:37','lifeng',0,NULL,NULL,'0',NULL),
(9229,'张勤行','13816666802','0',72,NULL,NULL,NULL,NULL,'2','0','1','2022-04-19 01:27:37','lifeng',0,NULL,NULL,'0',NULL),
(9230,'邬秀晓','13816666803','0',72,NULL,NULL,NULL,NULL,'0','0','1','2022-04-19 01:27:37','lifeng',0,NULL,NULL,'0',NULL),
(9231,'祝启','13816666804','0',72,NULL,NULL,NULL,NULL,'0','0','1','2022-04-19 01:27:37','lifeng',0,NULL,NULL,'0',NULL),
(9232,'苗莉','13816666805','0',72,NULL,NULL,NULL,NULL,'0','0','1','2022-04-19 01:27:37','lifeng',0,NULL,NULL,'0',NULL),
(9233,'安维妍','13816666806','0',72,NULL,NULL,NULL,NULL,NULL,'1','1','2022-04-19 01:27:37','lifeng',0,NULL,'2022-04-19 01:39:33','1','2022-04-22 01:39:33'),
(9234,'舒沫','13816666807','0',72,NULL,NULL,NULL,NULL,NULL,NULL,'1','2022-04-19 01:27:37','lifeng',0,NULL,NULL,'0',NULL),
(9235,'王玉','13816666808','0',72,NULL,NULL,NULL,NULL,'0','4','1','2022-04-19 01:27:37','lifeng',0,NULL,NULL,'0',NULL),
(9236,'倪悦','13816666809','0',72,NULL,NULL,NULL,NULL,NULL,'1','1','2022-04-19 01:27:37','lifeng',0,NULL,'2022-04-19 01:39:33','1','2022-04-22 01:39:33'),
(9237,'昌飘枝','13816666810','0',72,NULL,NULL,NULL,NULL,'2','1','1','2022-04-19 01:27:37','lifeng',0,NULL,'2022-04-19 01:39:33','1','2022-04-22 01:39:33'),
(9238,'苗依育','13816666811','0',72,NULL,NULL,NULL,NULL,'2','1','1','2022-04-19 01:27:37','lifeng',0,NULL,'2022-04-19 01:39:33','1','2022-04-22 01:39:34'),
(9239,'纪荷奇','13816666812','0',72,NULL,NULL,NULL,NULL,'3','1','1','2022-04-19 01:27:37','lifeng',0,NULL,'2022-04-19 01:39:33','1','2022-04-22 01:39:34'),
(9240,'昝舒茜','13816666813','0',72,NULL,NULL,NULL,NULL,NULL,'0','1','2022-04-19 01:27:38','lifeng',0,NULL,NULL,'0',NULL),
(9241,'纪菲伦','13816666814','0',72,NULL,NULL,NULL,NULL,'2','0','1','2022-04-19 01:27:38','lifeng',0,NULL,NULL,'0',NULL),
(9242,'危姣舒','13816666815','0',72,NULL,NULL,NULL,NULL,'2','0','1','2022-04-19 01:27:38','lifeng',0,NULL,NULL,'0',NULL),
(9243,'项洁允','13816666816','0',72,NULL,NULL,NULL,NULL,'2','0','1','2022-04-19 01:27:38','lifeng',0,NULL,NULL,'0',NULL),
(9244,'鲍妹枝','13816666817','0',72,NULL,NULL,NULL,NULL,'0','0','1','2022-04-19 01:27:38','lifeng',0,NULL,NULL,'0',NULL),
(9245,'柳依爱','13816666818','0',72,NULL,NULL,NULL,NULL,NULL,'0','1','2022-04-19 01:27:38','lifeng',0,NULL,NULL,'0',NULL),
(9246,'谈君铭','13816666819','0',72,NULL,NULL,NULL,NULL,NULL,'1','1','2022-04-19 01:27:38','lifeng',0,NULL,'2022-04-19 01:39:33','1','2022-04-22 01:39:34'),
(9247,'魏枝倩','13816666820','0',72,NULL,NULL,NULL,NULL,'2',NULL,'1','2022-04-19 01:27:38','lifeng',0,NULL,NULL,'0',NULL),
(9248,'葛晗纯','13816666821','0',72,NULL,NULL,NULL,NULL,'2','4','1','2022-04-19 01:27:38','lifeng',0,NULL,NULL,'0',NULL),
(9249,'锺悦允','13816666822','0',72,NULL,NULL,NULL,NULL,'2','1','1','2022-04-19 01:27:38','lifeng',0,NULL,'2022-04-19 01:39:33','1','2022-04-22 01:39:34'),
(9250,'韩伯娟','13816666823','0',72,NULL,NULL,NULL,NULL,'0','1','1','2022-04-19 01:27:38','lifeng',0,NULL,'2022-04-19 01:39:33','1','2022-04-22 01:39:34'),
(9251,'酆珍','13816666824','0',72,NULL,NULL,NULL,NULL,'0','1','1','2022-04-19 01:27:39','lifeng',0,NULL,'2022-04-19 01:39:33','1','2022-04-22 01:39:34'),
(9252,'殷时萍','13816666825','0',72,NULL,NULL,NULL,NULL,'0','1','1','2022-04-19 01:27:39','lifeng',0,NULL,'2022-04-19 01:39:33','1','2022-04-22 01:39:34'),
(9253,'褚荷琴','13816666826','0',72,NULL,NULL,NULL,NULL,NULL,'0','1','2022-04-19 01:27:39','lifeng',0,NULL,NULL,'0',NULL),
(9254,'席盛','13816666827','0',72,NULL,NULL,NULL,NULL,NULL,'0','1','2022-04-19 01:27:39','lifeng',0,NULL,NULL,'0',NULL),
(9255,'卢雪翔','13816666828','0',72,NULL,NULL,NULL,NULL,NULL,'0','1','2022-04-19 01:27:39','lifeng',0,NULL,NULL,'0',NULL),
(9256,'梅亮颖','13816666829','0',72,NULL,NULL,NULL,NULL,NULL,'0','1','2022-04-19 01:27:39','lifeng',0,NULL,NULL,'0',NULL),
(9257,'沈晴','13816666830','0',72,NULL,NULL,NULL,NULL,'2','0','1','2022-04-19 01:27:39','lifeng',0,NULL,NULL,'0',NULL),
(9258,'汪风若','13816666831','0',72,NULL,NULL,NULL,NULL,'2','0','1','2022-04-19 01:27:39','lifeng',0,NULL,NULL,'0',NULL),
(9259,'殷琪策','13816666832','0',72,NULL,NULL,NULL,NULL,'2','1','1','2022-04-19 01:27:39','lifeng',0,NULL,'2022-04-19 01:39:34','1','2022-04-22 01:39:34'),
(9260,'酆德','13816666833','0',72,NULL,NULL,NULL,NULL,'0',NULL,'1','2022-04-19 01:27:39','lifeng',0,NULL,NULL,'0',NULL),
(9261,'柯函','13816666834','0',72,NULL,NULL,NULL,NULL,'0','4','1','2022-04-19 01:27:40','lifeng',0,NULL,NULL,'0',NULL),
(9262,'吴荷','13816666835','0',72,NULL,NULL,NULL,NULL,'0','1','1','2022-04-19 01:27:40','lifeng',0,NULL,'2022-04-19 01:39:34','1','2022-04-22 01:39:34'),
(9263,'郑珠美','13816666836','0',72,NULL,NULL,NULL,NULL,NULL,'1','1','2022-04-19 01:27:40','lifeng',0,NULL,'2022-04-19 01:39:34','1','2022-04-22 01:39:34'),
(9264,'管钊','13816666837','0',72,NULL,NULL,NULL,NULL,NULL,'1','1','2022-04-19 01:27:40','lifeng',0,NULL,'2022-04-19 01:39:34','1','2022-04-22 01:39:34'),
(9265,'黄园晨','13816666838','0',72,NULL,NULL,NULL,NULL,'0','1','1','2022-04-19 01:27:40','lifeng',0,NULL,'2022-04-19 01:39:34','1','2022-04-22 01:39:34'),
(9266,'元眉灵','13816666839','0',72,NULL,NULL,NULL,NULL,NULL,'0','1','2022-04-19 01:27:40','lifeng',0,NULL,NULL,'0',NULL),
(9267,'蔡行清','13816666840','0',72,NULL,NULL,NULL,NULL,'2','0','1','2022-04-19 01:27:40','lifeng',0,NULL,NULL,'0',NULL),
(9268,'徐策君','13816666841','0',72,NULL,NULL,NULL,NULL,'2','0','1','2022-04-19 01:27:40','lifeng',0,NULL,NULL,'0',NULL),
(9269,'虞云','13816666842','0',72,NULL,NULL,NULL,NULL,'3','0','1','2022-04-19 01:27:40','lifeng',0,NULL,NULL,'0',NULL),
(9270,'喻茹悦','13816666843','0',72,NULL,NULL,NULL,NULL,NULL,'0','1','2022-04-19 01:27:40','lifeng',0,NULL,NULL,'0',NULL),
(9271,'方云冠','13816666844','0',72,NULL,NULL,NULL,NULL,'2','0','1','2022-04-19 01:27:41','lifeng',0,NULL,NULL,'0',NULL),
(9272,'俞铎','13816666845','0',72,NULL,NULL,NULL,NULL,'2','1','1','2022-04-19 01:27:41','lifeng',0,NULL,'2022-04-19 01:39:34','1','2022-04-22 01:39:34'),
(9273,'夏薇楠','13816666846','0',72,NULL,NULL,NULL,NULL,'2',NULL,'1','2022-04-19 01:27:41','lifeng',0,NULL,NULL,'0',NULL),
(9274,'施怡瑶','13816666847','0',72,NULL,NULL,NULL,NULL,'0','4','1','2022-04-19 01:27:41','lifeng',0,NULL,NULL,'0',NULL),
(9275,'孔依轮','13816666848','0',72,NULL,NULL,NULL,NULL,NULL,'1','1','2022-04-19 01:27:41','lifeng',0,NULL,'2022-04-19 01:39:34','1','2022-04-22 01:39:34'),
(9276,'安莉巧','13816666849','0',72,NULL,NULL,NULL,NULL,NULL,'1','1','2022-04-19 01:27:41','lifeng',0,NULL,'2022-04-19 01:39:34','1','2022-04-22 01:39:35'),
(9277,'夏玉毓','13816666850','0',72,NULL,NULL,NULL,NULL,'2','1','1','2022-04-19 01:27:41','lifeng',0,NULL,'2022-04-19 01:39:34','1','2022-04-22 01:39:35'),
(9278,'康珍','13816666851','0',72,NULL,NULL,NULL,NULL,'2','1','1','2022-04-19 01:27:41','lifeng',0,NULL,'2022-04-19 01:39:34','1','2022-04-22 01:39:35'),
(9279,'卫琰源','13816666852','0',72,NULL,NULL,NULL,NULL,'2','0','1','2022-04-19 01:27:41','lifeng',0,NULL,NULL,'0',NULL),
(9280,'茅纯元','13816666853','0',72,NULL,NULL,NULL,NULL,'0','0','1','2022-04-19 01:27:41','lifeng',0,NULL,NULL,'0',NULL),
(9281,'汪萍德','13816666854','0',72,NULL,NULL,NULL,NULL,'0','0','1','2022-04-19 01:27:41','lifeng',0,NULL,NULL,'0',NULL),
(9282,'严瑶婷','13816666855','0',72,NULL,NULL,NULL,NULL,'0','0','1','2022-04-19 01:27:42','lifeng',0,NULL,NULL,'0',NULL),
(9283,'纪思莎','13816666856','0',72,NULL,NULL,NULL,NULL,NULL,'0','1','2022-04-19 01:27:42','lifeng',0,NULL,NULL,'0',NULL),
(9284,'祝寒仪','13816666857','0',72,NULL,NULL,NULL,NULL,NULL,'0','1','2022-04-19 01:27:42','lifeng',0,NULL,NULL,'0',NULL),
(9285,'颜美洁','13816666858','0',72,NULL,NULL,NULL,NULL,NULL,'1','1','2022-04-19 01:27:43','lifeng',0,NULL,'2022-04-19 01:39:34','1','2022-04-22 01:39:35'),
(9286,'彭雪钊','13816666859','0',72,NULL,NULL,NULL,NULL,NULL,NULL,'1','2022-04-19 01:27:43','lifeng',0,NULL,NULL,'0',NULL),
(9287,'蓝蕊慧','13816666860','0',72,NULL,NULL,NULL,NULL,'2','4','1','2022-04-19 01:27:43','lifeng',0,NULL,NULL,'0',NULL),
(9288,'杨沫仪','13816666861','0',72,NULL,NULL,NULL,NULL,'2','1','1','2022-04-19 01:27:43','lifeng',0,NULL,'2022-04-19 01:39:34','1','2022-04-22 01:39:35'),
(9289,'任兰','13816666862','0',72,NULL,NULL,NULL,NULL,'2','1','1','2022-04-19 01:27:43','lifeng',0,NULL,'2022-04-19 01:39:34','1','2022-04-22 01:39:35'),
(9290,'苗皑','13816666863','0',72,NULL,NULL,NULL,NULL,'0','1','1','2022-04-19 01:27:43','lifeng',0,NULL,'2022-04-19 01:39:34','1','2022-04-22 01:39:35'),
(9291,'胡瑶柏','13816666864','0',72,NULL,NULL,NULL,NULL,'0','1','1','2022-04-19 01:27:43','lifeng',0,NULL,'2022-04-19 01:39:35','1','2022-04-22 01:39:35'),
(9292,'禹馨瑛','13816666865','0',72,NULL,NULL,NULL,NULL,'0','0','1','2022-04-19 01:27:44','lifeng',0,NULL,NULL,'0',NULL),
(9293,'史荷晗','13816666866','0',72,NULL,NULL,NULL,NULL,NULL,'0','1','2022-04-19 01:27:44','lifeng',0,NULL,NULL,'0',NULL),
(9294,'卢沫颖','13816666867','0',75,NULL,NULL,NULL,NULL,NULL,'0','1','2022-04-19 01:27:44','lifeng',0,NULL,NULL,'0',NULL),
(9295,'韦玲羽','13816666868','0',75,NULL,NULL,NULL,NULL,'0','0','1','2022-04-19 01:27:44','lifeng',0,NULL,NULL,'0',NULL),
(9296,'童育涵','13816666869','0',75,NULL,NULL,NULL,NULL,NULL,'0','1','2022-04-19 01:27:44','lifeng',0,NULL,NULL,'0',NULL),
(9297,'傅亮珍','13816666870','0',75,NULL,NULL,NULL,NULL,'2','0','1','2022-04-19 01:27:44','lifeng',0,NULL,NULL,'0',NULL),
(9298,'章颖','13816666871','0',75,NULL,NULL,NULL,NULL,'2','1','1','2022-04-19 01:27:44','lifeng',0,NULL,'2022-04-19 01:39:35','1','2022-04-22 01:39:35'),
(9299,'邵雪','13816666872','0',75,NULL,NULL,NULL,NULL,'3',NULL,'1','2022-04-19 01:27:44','lifeng',0,NULL,NULL,'0',NULL),
(9300,'伍聪欢','13816666873','0',75,NULL,NULL,NULL,NULL,NULL,'4','1','2022-04-19 01:27:44','lifeng',0,NULL,NULL,'0',NULL),
(9301,'支夕','13816666874','0',75,NULL,NULL,NULL,NULL,'2','1','1','2022-04-19 01:27:44','lifeng',0,NULL,'2022-04-19 01:39:35','1','2022-04-22 01:39:35'),
(9302,'安泽珍','13816666875','0',75,NULL,NULL,NULL,NULL,'2','1','1','2022-04-19 01:27:45','lifeng',0,NULL,'2022-04-19 01:39:35','1','2022-04-22 01:39:35'),
(9303,'傅先文','13816666876','0',75,NULL,NULL,NULL,NULL,'2','1','1','2022-04-19 01:27:45','lifeng',0,NULL,'2022-04-19 01:39:35','1','2022-04-22 01:39:35'),
(9304,'谈晗冰','13816666877','0',75,NULL,NULL,NULL,NULL,'0','1','1','2022-04-19 01:27:45','lifeng',0,NULL,'2022-04-19 01:39:35','1','2022-04-22 01:39:35'),
(9305,'袁璐','13816666878','0',75,NULL,NULL,NULL,NULL,NULL,'0','1','2022-04-19 01:27:45','lifeng',0,NULL,NULL,'0',NULL),
(9306,'湛珍涵','13816666879','0',75,NULL,NULL,NULL,NULL,NULL,'0','1','2022-04-19 01:27:45','lifeng',0,NULL,NULL,'0',NULL),
(9307,'和宜子','13816666880','0',75,NULL,NULL,NULL,NULL,'2','0','1','2022-04-19 01:27:45','lifeng',0,NULL,NULL,'0',NULL),
(9308,'卢建苑','13816666881','0',75,NULL,NULL,NULL,NULL,'2','0','1','2022-04-19 01:27:45','lifeng',0,NULL,NULL,'0',NULL),
(9309,'胡时茜','13816666882','0',75,NULL,NULL,NULL,NULL,'2','0','1','2022-04-19 01:27:45','lifeng',0,NULL,NULL,'0',NULL),
(9310,'梅怡','13816666883','0',75,NULL,NULL,NULL,NULL,'0','0','1','2022-04-19 01:27:45','lifeng',0,NULL,NULL,'0',NULL),
(9311,'顾晨荷','13816666884','0',75,NULL,NULL,NULL,NULL,'0','1','1','2022-04-19 01:27:46','lifeng',0,NULL,'2022-04-19 01:39:35','1','2022-04-22 01:39:35'),
(9312,'柏树','13816666885','0',75,NULL,NULL,NULL,NULL,'0',NULL,'1','2022-04-19 01:27:46','lifeng',0,NULL,NULL,'0',NULL),
(9313,'万盛茜','13816666886','0',75,NULL,NULL,NULL,NULL,NULL,'4','1','2022-04-19 01:27:46','lifeng',0,NULL,NULL,'0',NULL),
(9314,'华静蕊','13816666887','0',75,NULL,NULL,NULL,NULL,NULL,'1','1','2022-04-19 01:27:46','lifeng',0,NULL,'2022-04-19 01:39:35','1','2022-04-22 01:39:35'),
(9315,'万茜','13816666888','0',75,NULL,NULL,NULL,NULL,NULL,'1','1','2022-04-19 01:27:46','lifeng',0,NULL,'2022-04-19 01:39:35','1','2022-04-22 01:39:36'),
(9316,'廉璐维','13816666889','0',75,NULL,NULL,NULL,NULL,NULL,'1','1','2022-04-19 01:27:46','lifeng',0,NULL,'2022-04-19 01:39:35','1','2022-04-22 01:39:36'),
(9317,'夏晨','13816666890','0',75,NULL,NULL,NULL,NULL,'2','1','1','2022-04-19 01:27:46','lifeng',0,NULL,'2022-04-19 01:39:35','1','2022-04-22 01:39:36'),
(9318,'岑启','13816666891','0',75,NULL,NULL,NULL,NULL,'2','0','1','2022-04-19 01:27:46','lifeng',0,NULL,NULL,'0',NULL),
(9319,'夏盛姣','13816666892','0',75,NULL,NULL,NULL,NULL,'2','0','1','2022-04-19 01:27:46','lifeng',0,NULL,NULL,'0',NULL),
(9320,'李枫','13816666893','0',75,NULL,NULL,NULL,NULL,'0','0','1','2022-04-19 01:27:46','lifeng',0,NULL,NULL,'0',NULL),
(9321,'水瑞筠','13816666894','0',75,NULL,NULL,NULL,NULL,'0','0','1','2022-04-19 01:27:46','lifeng',0,NULL,NULL,'0',NULL),
(9322,'朱萱梦','13816666895','0',75,NULL,NULL,NULL,NULL,'0','0','1','2022-04-19 01:27:47','lifeng',0,NULL,NULL,'0',NULL),
(9323,'滕宁媛','13816666896','0',75,NULL,NULL,NULL,NULL,NULL,'0','1','2022-04-19 01:27:47','lifeng',0,NULL,NULL,'0',NULL),
(9324,'娄华妍','13816666897','0',75,NULL,NULL,NULL,NULL,NULL,'1','1','2022-04-19 01:27:47','lifeng',0,NULL,'2022-04-19 01:39:35','1','2022-04-22 01:39:36'),
(9325,'窦伯','13816666898','0',75,NULL,NULL,NULL,NULL,'0',NULL,'1','2022-04-19 01:27:47','lifeng',0,NULL,NULL,'0',NULL),
(9326,'危雪秀','13816666899','0',75,NULL,NULL,NULL,NULL,NULL,'4','1','2022-04-19 01:27:47','lifeng',0,NULL,NULL,'0',NULL),
(9327,'穆沫夕','13816666900','0',75,NULL,NULL,NULL,NULL,'2','1','1','2022-04-19 01:27:47','lifeng',0,NULL,'2022-04-19 01:39:35','1','2022-04-22 01:39:36'),
(9328,'康芳铎','13816666901','0',75,NULL,NULL,NULL,NULL,'2','1','1','2022-04-19 01:27:47','lifeng',0,NULL,'2022-04-19 01:39:35','1','2022-04-22 01:39:36'),
(9329,'臧蓉致','13816666902','0',75,NULL,NULL,NULL,NULL,'3','1','1','2022-04-19 01:27:47','lifeng',0,NULL,'2022-04-19 01:39:35','1','2022-04-22 01:39:36'),
(9330,'刁莹','13816666903','0',75,NULL,NULL,NULL,NULL,NULL,'1','1','2022-04-19 01:27:47','lifeng',0,NULL,'2022-04-19 01:39:35','1','2022-04-22 01:39:36'),
(9331,'吕月育','13816666904','0',75,NULL,NULL,NULL,NULL,'2','0','1','2022-04-19 01:27:47','lifeng',0,NULL,NULL,'0',NULL),
(9332,'胡倩','13816666905','0',75,NULL,NULL,NULL,NULL,'2','0','1','2022-04-19 01:27:48','lifeng',0,NULL,NULL,'0',NULL),
(9333,'袁泓月','13816666906','0',75,NULL,NULL,NULL,NULL,'2','0','1','2022-04-19 01:27:48','lifeng',0,NULL,NULL,'0',NULL),
(9334,'昝炎育','13816666907','0',75,NULL,NULL,NULL,NULL,'0','0','1','2022-04-19 01:27:48','lifeng',0,NULL,NULL,'0',NULL),
(9335,'祝茜','13816666908','0',75,NULL,NULL,NULL,NULL,NULL,'0','1','2022-04-19 01:27:48','lifeng',0,NULL,NULL,'0',NULL),
(9336,'蔡钊','13816666909','0',75,NULL,NULL,NULL,NULL,NULL,'0','1','2022-04-19 01:27:48','lifeng',0,NULL,NULL,'0',NULL),
(9337,'彭可','13816666910','0',75,NULL,NULL,NULL,NULL,'2','1','1','2022-04-19 01:27:48','lifeng',0,NULL,'2022-04-19 01:39:36','1','2022-04-22 01:39:36'),
(9338,'曹时栋','13816666911','0',75,NULL,NULL,NULL,NULL,'2',NULL,'1','2022-04-19 01:27:48','lifeng',0,NULL,NULL,'0',NULL),
(9339,'马嘉策','13816666912','0',75,NULL,NULL,NULL,NULL,'2','4','1','2022-04-19 01:27:48','lifeng',0,NULL,NULL,'0',NULL),
(9340,'臧欣枝','13816666913','0',75,NULL,NULL,NULL,NULL,'0','1','1','2022-04-19 01:27:48','lifeng',0,NULL,'2022-04-19 01:39:36','1','2022-04-22 01:39:36'),
(9341,'邬欢时','13816666914','0',75,NULL,NULL,NULL,NULL,'0','1','1','2022-04-19 01:27:49','lifeng',0,NULL,'2022-04-19 01:39:36','1','2022-04-22 01:39:36'),
(9342,'马弘之','13816666915','0',75,NULL,NULL,NULL,NULL,'0','1','1','2022-04-19 01:27:49','lifeng',0,NULL,'2022-04-19 01:39:36','1','2022-04-22 01:39:36'),
(9343,'皮玉梦','13816666916','0',75,NULL,NULL,NULL,NULL,NULL,'1','1','2022-04-19 01:27:49','lifeng',0,NULL,'2022-04-19 01:39:36','1','2022-04-22 01:39:36'),
(9344,'吕薇莹','13816666917','0',75,NULL,NULL,NULL,NULL,NULL,'0','1','2022-04-19 01:27:49','lifeng',0,NULL,NULL,'0',NULL),
(9345,'严玉欣','13816666918','0',75,NULL,NULL,NULL,NULL,NULL,'0','1','2022-04-19 01:27:49','lifeng',0,NULL,NULL,'0',NULL),
(9346,'潘雪珠','13816666919','0',75,NULL,NULL,NULL,NULL,NULL,'0','1','2022-04-19 01:27:49','lifeng',0,NULL,NULL,'0',NULL),
(9347,'柳瑛琳','13816666920','0',75,NULL,NULL,NULL,NULL,'2','0','1','2022-04-19 01:27:49','lifeng',0,NULL,NULL,'0',NULL),
(9348,'喻克','13816666921','0',75,NULL,NULL,NULL,NULL,'2','0','1','2022-04-19 01:27:49','lifeng',0,NULL,NULL,'0',NULL),
(9349,'滕菁','13816666922','0',75,NULL,NULL,NULL,NULL,'2','0','1','2022-04-19 01:27:49','lifeng',0,NULL,NULL,'0',NULL),
(9350,'强瑶','13816666923','0',75,NULL,NULL,NULL,NULL,'0','1','1','2022-04-19 01:27:49','lifeng',0,NULL,'2022-04-19 01:39:36','1','2022-04-22 01:39:36'),
(9351,'常妤勤','13816666924','0',75,NULL,NULL,NULL,NULL,'0',NULL,'1','2022-04-19 01:27:50','lifeng',0,NULL,NULL,'0',NULL),
(9352,'鲁惠蕊','13816666925','0',75,NULL,NULL,NULL,NULL,'0','4','1','2022-04-19 01:27:50','lifeng',0,NULL,NULL,'0',NULL),
(9353,'江蓉萍','13816666926','0',75,NULL,NULL,NULL,NULL,NULL,'1','1','2022-04-19 01:27:50','lifeng',0,NULL,'2022-04-19 01:39:36','1','2022-04-22 01:39:36'),
(9354,'娄芝','13816666927','0',78,NULL,NULL,NULL,NULL,NULL,'1','1','2022-04-19 01:27:50','lifeng',0,NULL,'2022-04-19 01:39:36','1','2022-04-22 01:39:36'),
(9355,'周琪丽','13816666928','0',78,NULL,NULL,NULL,NULL,'0','1','1','2022-04-19 01:27:50','lifeng',0,NULL,'2022-04-19 01:39:36','1','2022-04-22 01:39:37'),
(9356,'童育腾','13816666929','0',78,NULL,NULL,NULL,NULL,NULL,'1','1','2022-04-19 01:27:50','lifeng',0,NULL,'2022-04-19 01:39:36','1','2022-04-22 01:39:37'),
(9357,'颜悦琛','13816666930','0',78,NULL,NULL,NULL,NULL,'2','0','1','2022-04-19 01:27:50','lifeng',0,NULL,NULL,'0',NULL),
(9358,'禹娅羽','13816666931','0',78,NULL,NULL,NULL,NULL,'2','0','1','2022-04-19 01:27:50','lifeng',0,NULL,NULL,'0',NULL),
(9359,'林莹','13816666932','0',78,NULL,NULL,NULL,NULL,'3','0','1','2022-04-19 01:27:50','lifeng',0,NULL,NULL,'0',NULL),
(9360,'冯珍','13816666933','0',78,NULL,NULL,NULL,NULL,NULL,'0','1','2022-04-19 01:27:50','lifeng',0,NULL,NULL,'0',NULL),
(9361,'霍毓蓓','13816666934','0',78,NULL,NULL,NULL,NULL,'2','0','1','2022-04-19 01:27:51','lifeng',0,NULL,NULL,'0',NULL),
(9362,'成霄妍','13816666935','0',78,NULL,NULL,NULL,NULL,'2','0','1','2022-04-19 01:27:51','lifeng',0,NULL,NULL,'0',NULL),
(9363,'韩佳慧','13816666936','0',78,NULL,NULL,NULL,NULL,'2','1','1','2022-04-19 01:27:51','lifeng',0,NULL,'2022-04-19 01:39:36','1','2022-04-22 01:39:37'),
(9364,'喻娟','13816666937','0',78,NULL,NULL,NULL,NULL,'0',NULL,'1','2022-04-19 01:27:51','lifeng',0,NULL,NULL,'0',NULL),
(9365,'张若凝','13816666938','0',78,NULL,NULL,NULL,NULL,NULL,'4','1','2022-04-19 01:27:51','lifeng',0,NULL,NULL,'0',NULL),
(9366,'路琛','13816666939','0',78,NULL,NULL,NULL,NULL,NULL,'1','1','2022-04-19 01:27:51','lifeng',0,NULL,'2022-04-19 01:39:36','1','2022-04-22 01:39:37'),
(9367,'邱竹','13816666940','0',78,NULL,NULL,NULL,NULL,'2','1','1','2022-04-19 01:27:51','lifeng',0,NULL,'2022-04-19 01:39:36','1','2022-04-22 01:39:37'),
(9368,'庞依铎','13816666941','0',78,NULL,NULL,NULL,NULL,'2','1','1','2022-04-19 01:27:51','lifeng',0,NULL,'2022-04-19 01:39:36','1','2022-04-22 01:39:37'),
(9369,'李洁园','13816666942','0',78,NULL,NULL,NULL,NULL,'2','1','1','2022-04-19 01:27:51','lifeng',0,NULL,'2022-04-19 01:39:37','1','2022-04-22 01:39:37'),
(9370,'沈策莹','13816666943','0',78,NULL,NULL,NULL,NULL,'0','0','1','2022-04-19 01:27:51','lifeng',0,NULL,NULL,'0',NULL),
(9371,'金子','13816666944','0',78,NULL,NULL,NULL,NULL,'0','0','1','2022-04-19 01:27:51','lifeng',0,NULL,NULL,'0',NULL),
(9372,'盛茜静','13816666945','0',78,NULL,NULL,NULL,NULL,'0','0','1','2022-04-19 01:27:51','lifeng',0,NULL,NULL,'0',NULL),
(9373,'昝艺','13816666946','0',78,NULL,NULL,NULL,NULL,NULL,'0','1','2022-04-19 01:27:51','lifeng',0,NULL,NULL,'0',NULL),
(9374,'高冰佳','13816666947','0',78,NULL,NULL,NULL,NULL,NULL,'0','1','2022-04-19 01:27:52','lifeng',0,NULL,NULL,'0',NULL),
(9375,'梁琳','13816666948','0',78,NULL,NULL,NULL,NULL,NULL,'0','1','2022-04-19 01:27:52','lifeng',0,NULL,NULL,'0',NULL),
(9376,'虞怡','13816666949','0',78,NULL,NULL,NULL,NULL,NULL,'1','1','2022-04-19 01:27:52','lifeng',0,NULL,'2022-04-19 01:39:37','1','2022-04-22 01:39:37'),
(9377,'危树鸣','13816666950','0',78,NULL,NULL,NULL,NULL,'2',NULL,'1','2022-04-19 01:27:52','lifeng',0,NULL,NULL,'0',NULL),
(9378,'唐霞眉','13816666951','0',78,NULL,NULL,NULL,NULL,'2','4','1','2022-04-19 01:27:52','lifeng',0,NULL,NULL,'0',NULL),
(9379,'贺希佩','13816666952','0',78,NULL,NULL,NULL,NULL,'2','1','1','2022-04-19 01:27:52','lifeng',0,NULL,'2022-04-19 01:39:37','1','2022-04-22 01:39:37'),
(9380,'雷琴晨','13816666953','0',78,NULL,NULL,NULL,NULL,'0','1','1','2022-04-19 01:27:52','lifeng',0,NULL,'2022-04-19 01:39:37','1','2022-04-22 01:39:37'),
(9381,'费娴宏','13816666954','0',78,NULL,NULL,NULL,NULL,'0','1','1','2022-04-19 01:27:52','lifeng',0,NULL,'2022-04-19 01:39:37','1','2022-04-22 01:39:37'),
(9382,'卜朗娟','13816666955','0',78,NULL,NULL,NULL,NULL,'0','1','1','2022-04-19 01:27:52','lifeng',0,NULL,'2022-04-19 01:39:37','1','2022-04-22 01:39:37'),
(9383,'和建伯','13816666956','0',78,NULL,NULL,NULL,NULL,NULL,'0','1','2022-04-19 01:27:52','lifeng',0,NULL,NULL,'0',NULL),
(9384,'乐香华','13816666957','0',78,NULL,NULL,NULL,NULL,NULL,'0','1','2022-04-19 01:27:52','lifeng',0,NULL,NULL,'0',NULL),
(9385,'朱颖怡','13816666958','0',78,NULL,NULL,NULL,NULL,'0','0','1','2022-04-19 01:27:53','lifeng',0,NULL,NULL,'0',NULL),
(9386,'和月露','13816666959','0',78,NULL,NULL,NULL,NULL,NULL,'0','1','2022-04-19 01:27:53','lifeng',0,NULL,NULL,'0',NULL),
(9387,'管伦','13816666960','0',78,NULL,NULL,NULL,NULL,'2','0','1','2022-04-19 01:27:53','lifeng',0,NULL,NULL,'0',NULL),
(9388,'齐韵','13816666961','0',78,NULL,NULL,NULL,NULL,'2','0','1','2022-04-19 01:27:53','lifeng',0,NULL,NULL,'0',NULL),
(9389,'纪锦枫','13816666962','0',78,NULL,NULL,NULL,NULL,'3','1','1','2022-04-19 01:27:53','lifeng',0,NULL,'2022-04-19 01:39:37','1','2022-04-22 01:39:37'),
(9390,'项真','13816666963','0',78,NULL,NULL,NULL,NULL,NULL,NULL,'1','2022-04-19 01:27:53','lifeng',0,NULL,NULL,'0',NULL),
(9391,'傅凡雄','13816666964','0',78,NULL,NULL,NULL,NULL,'2','4','1','2022-04-19 01:27:53','lifeng',0,NULL,NULL,'0',NULL),
(9392,'凤婕和','13816666965','0',78,NULL,NULL,NULL,NULL,'2','1','1','2022-04-19 01:27:53','lifeng',0,NULL,'2022-04-19 01:39:37','1','2022-04-22 01:39:37'),
(9393,'杨爱琳','13816666966','0',78,NULL,NULL,NULL,NULL,'2','1','1','2022-04-19 01:27:53','lifeng',0,NULL,'2022-04-19 01:39:37','1','2022-04-22 01:39:38'),
(9394,'李芸','13816666967','0',78,NULL,NULL,NULL,NULL,'0','1','1','2022-04-19 01:27:54','lifeng',0,NULL,'2022-04-19 01:39:37','1','2022-04-22 01:39:38'),
(9395,'章黛惠','13816666968','0',78,NULL,NULL,NULL,NULL,NULL,'1','1','2022-04-19 01:27:54','lifeng',0,NULL,'2022-04-19 01:39:37','1','2022-04-22 01:39:38'),
(9396,'危渊娴','13816666969','0',78,NULL,NULL,NULL,NULL,NULL,'0','1','2022-04-19 01:27:54','lifeng',0,NULL,NULL,'0',NULL),
(9397,'康莹嫣','13816666970','0',78,NULL,NULL,NULL,NULL,'2','0','1','2022-04-19 01:27:54','lifeng',0,NULL,NULL,'0',NULL),
(9398,'凌淇','13816666971','0',78,NULL,NULL,NULL,NULL,'2','0','1','2022-04-19 01:27:54','lifeng',0,NULL,NULL,'0',NULL),
(9399,'史爽瑶','13816666972','0',78,NULL,NULL,NULL,NULL,'2','0','1','2022-04-19 01:27:54','lifeng',0,NULL,NULL,'0',NULL),
(9400,'钱亨','13816666973','0',78,NULL,NULL,NULL,NULL,'0','0','1','2022-04-19 01:27:54','lifeng',0,NULL,NULL,'0',NULL),
(9401,'戚美','13816666974','0',110,NULL,NULL,NULL,NULL,'0','0','1','2022-04-19 01:27:54','lifeng',0,NULL,NULL,'0',NULL),
(9402,'蔡时树','13816666975','0',110,NULL,NULL,NULL,NULL,'0','1','1','2022-04-19 01:27:54','lifeng',0,NULL,'2022-04-19 01:39:37','1','2022-04-22 01:39:38'),
(9403,'姜梁一','13816666976','0',110,NULL,NULL,NULL,NULL,NULL,NULL,'1','2022-04-19 01:27:55','lifeng',0,NULL,NULL,'0',NULL),
(9404,'穆飘凡','13816666977','0',110,NULL,NULL,NULL,NULL,NULL,'4','1','2022-04-19 01:27:55','lifeng',0,NULL,NULL,'0',NULL),
(9405,'郭雪','13816666978','0',110,NULL,NULL,NULL,NULL,NULL,'1','1','2022-04-19 01:27:55','lifeng',0,NULL,'2022-04-19 01:39:37','1','2022-04-22 01:39:38'),
(9406,'朱璧','13816666979','0',110,NULL,NULL,NULL,NULL,NULL,'1','1','2022-04-19 01:27:55','lifeng',0,NULL,'2022-04-19 01:39:37','1','2022-04-22 01:39:38'),
(9407,'湛楠芳','13816666980','0',110,NULL,NULL,NULL,NULL,'2','1','1','2022-04-19 01:27:55','lifeng',0,NULL,'2022-04-19 01:39:37','1','2022-04-22 01:39:38'),
(9408,'傅雪雪','13816666981','0',110,NULL,NULL,NULL,NULL,'2','1','1','2022-04-19 01:27:55','lifeng',0,NULL,'2022-04-19 01:39:37','1','2022-04-22 01:39:38'),
(9409,'狄眉','13816666982','0',110,NULL,NULL,NULL,NULL,'2','0','1','2022-04-19 01:27:55','lifeng',0,NULL,NULL,'0',NULL),
(9410,'娄玉翰','13816666983','0',110,NULL,NULL,NULL,NULL,'0','0','1','2022-04-19 01:27:55','lifeng',0,NULL,NULL,'0',NULL),
(9411,'酆清昭','13816666984','0',110,NULL,NULL,NULL,NULL,'0','0','4','2022-04-19 01:27:55','lifeng',1,NULL,'2022-04-20 00:42:43','0',NULL),
(9412,'祁朋仪','13816666985','0',110,NULL,NULL,NULL,NULL,'0','0','1','2022-04-19 01:27:55','lifeng',0,NULL,NULL,'0',NULL),
(9413,'徐若雄','13816666986','0',110,NULL,NULL,NULL,NULL,NULL,'0','1','2022-04-19 01:27:55','lifeng',0,NULL,NULL,'0',NULL),
(9414,'舒淇晓','13816666987','0',110,NULL,NULL,NULL,NULL,NULL,'0','1','2022-04-19 01:27:56','lifeng',0,NULL,NULL,'0',NULL),
(9415,'胡弘固','13816666988','0',110,NULL,NULL,NULL,NULL,'0','1','1','2022-04-19 01:27:56','lifeng',0,NULL,'2022-04-19 01:39:38','1','2022-04-22 01:39:38'),
(9416,'元育子','13816666989','0',110,NULL,NULL,NULL,NULL,NULL,NULL,'1','2022-04-19 01:27:56','lifeng',0,NULL,NULL,'0',NULL),
(9417,'赵钧倩','13816666990','0',110,NULL,NULL,NULL,NULL,'2','4','1','2022-04-19 01:27:56','lifeng',0,NULL,NULL,'0',NULL),
(9418,'尹菁','13816666991','0',110,NULL,NULL,NULL,NULL,'2','1','1','2022-04-19 01:27:56','lifeng',0,NULL,'2022-04-19 01:39:38','1','2022-04-22 01:39:38'),
(9419,'黄滢','13816666992','0',110,NULL,NULL,NULL,NULL,'3','1','1','2022-04-19 01:27:56','lifeng',0,NULL,'2022-04-19 01:39:38','1','2022-04-22 01:39:38'),
(9420,'郭雨','13816666993','0',110,NULL,NULL,NULL,NULL,NULL,'1','1','2022-04-19 01:27:56','lifeng',0,NULL,'2022-04-19 01:39:38','1','2022-04-22 01:39:38'),
(9421,'许琳吉','13816666994','0',110,NULL,NULL,NULL,NULL,'2','1','1','2022-04-19 01:27:56','lifeng',0,NULL,'2022-04-19 01:39:38','1','2022-04-22 01:39:38'),
(9422,'韩苑','13816666995','0',110,NULL,NULL,NULL,NULL,'2','0','1','2022-04-19 01:27:57','lifeng',0,NULL,NULL,'0',NULL),
(9423,'季蕊榕','13816666996','0',110,NULL,NULL,NULL,NULL,'2','0','1','2022-04-19 01:27:57','lifeng',0,NULL,NULL,'0',NULL),
(9424,'姚吉','13816666997','0',110,NULL,NULL,NULL,NULL,'0','0','1','2022-04-19 01:27:57','lifeng',0,NULL,NULL,'0',NULL),
(9425,'戚伊时','13816666998','0',110,NULL,NULL,NULL,NULL,NULL,'0','1','2022-04-19 01:27:57','lifeng',0,NULL,NULL,'0',NULL),
(9426,'梅伊静','13816666999','0',110,NULL,NULL,NULL,NULL,NULL,'0','1','2022-04-19 01:27:57','lifeng',0,NULL,NULL,'0',NULL),
(9427,'韦欣环','13816667000','0',110,NULL,NULL,NULL,NULL,'2','0','1','2022-04-19 01:27:57','lifeng',0,NULL,NULL,'0',NULL),
(9428,'雷佩镇','13816667001','0',110,NULL,NULL,NULL,NULL,'2','1','1','2022-04-19 01:27:57','lifeng',0,NULL,'2022-04-19 01:39:38','1','2022-04-22 01:39:38'),
(9429,'支珍青','13816667002','0',110,NULL,NULL,NULL,NULL,'2',NULL,'1','2022-04-19 01:27:57','lifeng',0,NULL,NULL,'0',NULL),
(9430,'锺树','13816667003','0',110,NULL,NULL,NULL,NULL,'0','4','1','2022-04-19 01:27:57','lifeng',0,NULL,NULL,'0',NULL),
(9431,'谈慧涵','13816667004','0',110,NULL,NULL,NULL,NULL,'0','1','1','2022-04-19 01:27:57','lifeng',0,NULL,'2022-04-19 01:39:38','1','2022-04-22 01:39:38'),
(9432,'费鸣','13816667005','0',110,NULL,NULL,NULL,NULL,'0','1','1','2022-04-19 01:27:58','lifeng',0,NULL,'2022-04-19 01:39:38','1','2022-04-22 01:39:38'),
(9433,'谢冰','13816667006','0',110,NULL,NULL,NULL,NULL,NULL,'1','1','2022-04-19 01:27:58','lifeng',0,NULL,'2022-04-19 01:39:38','1','2022-04-22 01:39:39'),
(9434,'董芳','13816667007','0',110,NULL,NULL,NULL,NULL,NULL,'1','1','2022-04-19 01:27:58','lifeng',0,NULL,'2022-04-19 01:39:38','1','2022-04-22 01:39:39'),
(9435,'水策洁','13816667008','0',110,NULL,NULL,NULL,NULL,NULL,'0','1','2022-04-19 01:27:58','lifeng',0,NULL,NULL,'0',NULL),
(9436,'沈怡','13816667009','0',110,NULL,NULL,NULL,NULL,NULL,'0','4','2022-04-19 01:27:58','lifeng',1,NULL,'2022-04-20 00:43:29','0',NULL),
(9437,'麻娅宇','13816667010','0',110,NULL,NULL,NULL,NULL,'2','0','1','2022-04-19 01:27:58','lifeng',0,NULL,NULL,'0',NULL),
(9438,'阮莉','13816667011','0',110,NULL,NULL,NULL,NULL,'2','0','1','2022-04-19 01:27:58','lifeng',0,NULL,NULL,'0',NULL),
(9439,'章风','13816667012','0',110,NULL,NULL,NULL,NULL,'2','0','1','2022-04-19 01:27:58','lifeng',0,NULL,NULL,'0',NULL),
(9440,'费伯茹','13816667013','0',110,NULL,NULL,NULL,NULL,'0','0','1','2022-04-19 01:27:59','lifeng',0,NULL,NULL,'0',NULL),
(9441,'蔡莹梁','13816667014','0',110,NULL,NULL,NULL,NULL,'0','1','1','2022-04-19 01:27:59','lifeng',0,NULL,'2022-04-19 01:39:38','1','2022-04-22 01:39:39'),
(9442,'韦珊','13816667015','0',110,NULL,NULL,NULL,NULL,'0',NULL,'1','2022-04-19 01:27:59','lifeng',0,NULL,NULL,'0',NULL),
(9443,'褚瑶柏','13816667016','0',110,NULL,NULL,NULL,NULL,NULL,'4','1','2022-04-19 01:27:59','lifeng',0,NULL,NULL,'0',NULL),
(9444,'方瑗钊','13816667017','0',110,NULL,NULL,NULL,NULL,NULL,'1','1','2022-04-19 01:27:59','lifeng',0,NULL,'2022-04-19 01:39:38','1','2022-04-22 01:39:39'),
(9445,'乐黛全','13816667018','0',110,NULL,NULL,NULL,NULL,'0','1','1','2022-04-19 01:27:59','lifeng',0,NULL,'2022-04-19 01:39:39','1','2022-04-22 01:39:39'),
(9446,'尤芳君','13816667019','0',110,NULL,NULL,NULL,NULL,NULL,'1','1','2022-04-19 01:27:59','lifeng',0,NULL,'2022-04-19 01:39:39','1','2022-04-22 01:39:39'),
(9447,'胡瑶先','13816667020','0',110,NULL,NULL,NULL,NULL,'2','1','1','2022-04-19 01:27:59','lifeng',0,NULL,'2022-04-19 01:39:39','1','2022-04-22 01:39:39'),
(9448,'毕荷霭','13816667021','0',110,NULL,NULL,NULL,NULL,'2','0','1','2022-04-19 01:27:59','lifeng',0,NULL,NULL,'0',NULL),
(9449,'俞晴媛','13816667022','0',110,NULL,NULL,NULL,NULL,'3','0','1','2022-04-19 01:28:00','lifeng',0,NULL,NULL,'0',NULL),
(9450,'颜憧娅','13816667023','0',110,NULL,NULL,NULL,NULL,NULL,'0','1','2022-04-19 01:28:00','lifeng',0,NULL,NULL,'0',NULL),
(9451,'麻娅嫣','13816667024','0',110,NULL,NULL,NULL,NULL,'2','0','1','2022-04-19 01:28:00','lifeng',0,NULL,NULL,'0',NULL),
(9452,'莫怡','13816667025','0',110,NULL,NULL,NULL,NULL,'2','0','1','2022-04-19 01:28:00','lifeng',0,NULL,NULL,'0',NULL),
(9453,'邱榕','13816667026','0',110,NULL,NULL,NULL,NULL,'2','0','1','2022-04-19 01:28:00','lifeng',0,NULL,NULL,'0',NULL),
(9454,'陶佩致','13816667027','0',34,NULL,NULL,NULL,NULL,'0','1','1','2022-04-19 01:28:00','lifeng',0,NULL,'2022-04-19 01:39:39','1','2022-04-22 01:39:39'),
(9455,'薛雪','13816667028','0',34,NULL,NULL,NULL,NULL,NULL,NULL,'1','2022-04-19 01:28:00','lifeng',0,NULL,NULL,'0',NULL),
(9456,'蓝夕怡','13816667029','0',34,NULL,NULL,NULL,NULL,NULL,'4','1','2022-04-19 01:28:01','lifeng',0,NULL,NULL,'0',NULL),
(9457,'童洁美','13816667030','0',34,NULL,NULL,NULL,NULL,'2','1','1','2022-04-19 01:28:01','lifeng',0,NULL,'2022-04-19 01:39:39','1','2022-04-22 01:39:39'),
(9458,'窦滢月','13816667031','0',34,NULL,NULL,NULL,NULL,'2','1','1','2022-04-19 01:28:01','lifeng',0,NULL,'2022-04-19 01:39:39','1','2022-04-22 01:39:39'),
(9459,'娄欣','13816667032','0',34,NULL,NULL,NULL,NULL,'2','1','1','2022-04-19 01:28:01','lifeng',0,NULL,'2022-04-19 01:39:39','1','2022-04-22 01:39:39'),
(9460,'袁翰','13816667033','0',34,NULL,NULL,NULL,NULL,'0','1','1','2022-04-19 01:28:01','lifeng',0,NULL,'2022-04-19 01:39:39','1','2022-04-22 01:39:39'),
(9461,'元启娟','13816667034','0',34,NULL,NULL,NULL,NULL,'0','0','1','2022-04-19 01:28:01','lifeng',0,NULL,NULL,'0',NULL),
(9462,'窦和飘','13816667035','0',34,NULL,NULL,NULL,NULL,'0','0','1','2022-04-19 01:28:01','lifeng',0,NULL,NULL,'0',NULL),
(9463,'乐克梦','13816667036','0',34,NULL,NULL,NULL,NULL,NULL,'0','1','2022-04-19 01:28:01','lifeng',0,NULL,NULL,'0',NULL),
(9464,'成佳钧','13816667037','0',34,NULL,NULL,NULL,NULL,NULL,'0','1','2022-04-19 01:28:01','lifeng',0,NULL,NULL,'0',NULL),
(9465,'郎爽','13816667038','0',34,NULL,NULL,NULL,NULL,NULL,'0','1','2022-04-19 01:28:01','lifeng',0,NULL,NULL,'0',NULL),
(9466,'方洁淳','13816667039','0',34,NULL,NULL,NULL,NULL,NULL,'0','1','2022-04-19 01:28:02','lifeng',0,NULL,NULL,'0',NULL),
(9467,'毛馨克','13816667040','0',34,NULL,NULL,NULL,NULL,'2','1','1','2022-04-19 01:28:02','lifeng',0,NULL,'2022-04-19 01:39:39','1','2022-04-22 01:39:40'),
(9468,'冯盛清','13816667041','0',34,NULL,NULL,NULL,NULL,'2',NULL,'1','2022-04-19 01:28:02','lifeng',0,NULL,NULL,'0',NULL),
(9469,'昝琦漩','13816667042','0',34,NULL,NULL,NULL,NULL,'2','4','1','2022-04-19 01:28:02','lifeng',0,NULL,NULL,'0',NULL),
(9470,'黄源鹏','13816667043','0',34,NULL,NULL,NULL,NULL,'0','1','1','2022-04-19 01:28:02','lifeng',0,NULL,'2022-04-19 01:39:39','1','2022-04-22 01:39:40'),
(9471,'江莲咏','13816667044','0',34,NULL,NULL,NULL,NULL,'0','1','1','2022-04-19 01:28:02','lifeng',0,NULL,'2022-04-19 01:39:39','1','2022-04-22 01:39:40'),
(9472,'水伊卿','13816667045','0',34,NULL,NULL,NULL,NULL,'0','1','1','2022-04-19 01:28:02','lifeng',0,NULL,'2022-04-19 01:39:39','1','2022-04-22 01:39:40'),
(9473,'茅晨','13816667046','0',34,NULL,NULL,NULL,NULL,NULL,'1','1','2022-04-19 01:28:02','lifeng',0,NULL,'2022-04-19 01:39:39','1','2022-04-22 01:39:40'),
(9474,'薛和秋','13816667047','0',34,NULL,NULL,NULL,NULL,NULL,'0','1','2022-04-19 01:28:02','lifeng',0,NULL,NULL,'0',NULL),
(9475,'卜倩镇','13816667048','0',34,NULL,NULL,NULL,NULL,'0','0','1','2022-04-19 01:28:02','lifeng',0,NULL,NULL,'0',NULL),
(9476,'秦秀','13816667049','0',34,NULL,NULL,NULL,NULL,NULL,'0','1','2022-04-19 01:28:02','lifeng',0,NULL,NULL,'0',NULL),
(9477,'屈妤巧','13816667050','0',34,NULL,NULL,NULL,NULL,'2','0','1','2022-04-19 01:28:02','lifeng',0,NULL,NULL,'0',NULL),
(9478,'方秋','13816667051','0',34,NULL,NULL,NULL,NULL,'2','0','1','2022-04-19 01:28:03','lifeng',0,NULL,NULL,'0',NULL),
(9479,'林巧涵','13816667052','0',34,NULL,NULL,NULL,NULL,'3','0','1','2022-04-19 01:28:03','lifeng',0,NULL,NULL,'0',NULL),
(9480,'骆玲妹','13816667053','0',34,NULL,NULL,NULL,NULL,NULL,'1','1','2022-04-19 01:28:03','lifeng',0,NULL,'2022-04-19 01:39:40','1','2022-04-22 01:39:40'),
(9481,'项英艳','13816667054','0',34,NULL,NULL,NULL,NULL,'2',NULL,'1','2022-04-19 01:28:03','lifeng',0,NULL,NULL,'0',NULL),
(9482,'童伦亨','13816667055','0',34,NULL,NULL,NULL,NULL,'2','4','1','2022-04-19 01:28:03','lifeng',0,NULL,NULL,'0',NULL),
(9483,'平朋雁','13816667056','0',34,NULL,NULL,NULL,NULL,'2','1','1','2022-04-19 01:28:03','lifeng',0,NULL,'2022-04-19 01:39:40','1','2022-04-22 01:39:40'),
(9484,'俞艺士','13816667057','0',34,NULL,NULL,NULL,NULL,'0','1','1','2022-04-19 01:28:03','lifeng',0,NULL,'2022-04-19 01:39:40','1','2022-04-22 01:39:40'),
(9485,'屈函惠','13816667058','0',34,NULL,NULL,NULL,NULL,NULL,'1','1','2022-04-19 01:28:03','lifeng',0,NULL,'2022-04-19 01:39:40','1','2022-04-22 01:39:40'),
(9486,'齐希真','13816667059','0',34,NULL,NULL,NULL,NULL,NULL,'1','1','2022-04-19 01:28:03','lifeng',0,NULL,'2022-04-19 01:39:40','1','2022-04-22 01:39:40'),
(9487,'尹琳','13816667060','0',34,NULL,NULL,NULL,NULL,'2','0','1','2022-04-19 01:28:03','lifeng',0,NULL,NULL,'0',NULL),
(9488,'谢瑗','13816667061','0',34,NULL,NULL,NULL,NULL,'2','0','1','2022-04-19 01:28:04','lifeng',0,NULL,NULL,'0',NULL),
(9489,'姚融','13816667062','0',34,NULL,NULL,NULL,NULL,'2','0','1','2022-04-19 01:28:04','lifeng',0,NULL,NULL,'0',NULL),
(9490,'湛泓琛','13816667063','0',34,NULL,NULL,NULL,NULL,'0','0','1','2022-04-19 01:28:04','lifeng',0,NULL,NULL,'0',NULL),
(9491,'岑沫泓','13816667064','0',34,NULL,NULL,NULL,NULL,'0','0','1','2022-04-19 01:28:04','lifeng',0,NULL,NULL,'0',NULL),
(9492,'平弘贞','13816667065','0',34,NULL,NULL,NULL,NULL,'0','0','1','2022-04-19 01:28:04','lifeng',0,NULL,NULL,'0',NULL),
(9493,'张钧','13816667066','0',34,NULL,NULL,NULL,NULL,NULL,'1','1','2022-04-19 01:28:04','lifeng',0,NULL,'2022-04-19 01:39:40','1','2022-04-22 01:39:40'),
(9494,'任榕育','13816667067','0',34,NULL,NULL,NULL,NULL,NULL,NULL,'1','2022-04-19 01:28:04','lifeng',0,NULL,NULL,'0',NULL),
(9495,'邵函琳','13816667068','0',34,NULL,NULL,NULL,NULL,NULL,'4','1','2022-04-19 01:28:04','lifeng',0,NULL,NULL,'0',NULL),
(9496,'谈霭羽','13816667069','0',34,NULL,NULL,NULL,NULL,NULL,'1','1','2022-04-19 01:28:04','lifeng',0,NULL,'2022-04-19 01:39:40','1','2022-04-22 01:39:40'),
(9497,'郑园依','13816667070','0',34,NULL,NULL,NULL,NULL,'2','1','1','2022-04-19 01:28:05','lifeng',0,NULL,'2022-04-19 01:39:40','1','2022-04-22 01:39:40'),
(9498,'项轮','13816667071','0',34,NULL,NULL,NULL,NULL,'2','1','1','2022-04-19 01:28:05','lifeng',0,NULL,'2022-04-19 01:39:40','1','2022-04-22 01:39:41'),
(9499,'郎奇琦','13816667072','0',34,NULL,NULL,NULL,NULL,'2','1','1','2022-04-19 01:28:05','lifeng',0,NULL,'2022-04-19 01:39:40','1','2022-04-22 01:39:41'),
(9500,'卢奇漩','13816667073','0',34,NULL,NULL,NULL,NULL,'0','0','1','2022-04-19 01:28:05','lifeng',0,NULL,NULL,'0',NULL),
(9501,'朱家皑','13816667074','0',34,NULL,NULL,NULL,NULL,'0','0','1','2022-04-19 01:28:05','lifeng',0,NULL,NULL,'0',NULL),
(9502,'葛航','13816667075','0',34,NULL,NULL,NULL,NULL,'0','0','1','2022-04-19 01:28:05','lifeng',0,NULL,NULL,'0',NULL),
(9503,'王航茹','13816667076','0',34,NULL,NULL,NULL,NULL,NULL,'0','1','2022-04-19 01:28:05','lifeng',0,NULL,NULL,'0',NULL),
(9504,'穆茜','13816667077','0',34,NULL,NULL,NULL,NULL,NULL,'0','1','2022-04-19 01:28:05','lifeng',0,NULL,NULL,'0',NULL),
(9505,'夏钊凡','13816667078','0',34,NULL,NULL,NULL,NULL,'0','0','1','2022-04-19 01:28:05','lifeng',0,NULL,NULL,'0',NULL),
(9506,'康芳琰','13816667079','0',34,NULL,NULL,NULL,NULL,NULL,'1','1','2022-04-19 01:28:05','lifeng',0,NULL,'2022-04-19 01:39:40','1','2022-04-22 01:39:41'),
(9507,'常悦克','13816667080','0',34,NULL,NULL,NULL,NULL,'2',NULL,'1','2022-04-19 01:28:05','lifeng',0,NULL,NULL,'0',NULL),
(9508,'柏朗','13816667081','0',34,NULL,NULL,NULL,NULL,'2','4','1','2022-04-19 01:28:06','lifeng',0,NULL,NULL,'0',NULL),
(9509,'安思','13816667082','0',34,NULL,NULL,NULL,NULL,'3','1','1','2022-04-19 01:28:06','lifeng',0,NULL,'2022-04-19 01:39:40','1','2022-04-22 01:39:41'),
(9510,'郑舒婷','13816667083','0',34,NULL,NULL,NULL,NULL,NULL,'1','1','2022-04-19 01:28:06','lifeng',0,NULL,'2022-04-19 01:39:40','1','2022-04-22 01:39:41'),
(9511,'湛秋','13816667084','0',34,NULL,NULL,NULL,NULL,'2','1','1','2022-04-19 01:28:06','lifeng',0,NULL,'2022-04-19 01:39:40','1','2022-04-22 01:39:41'),
(9512,'平盛宜','13816667085','0',34,NULL,NULL,NULL,NULL,'2','1','1','2022-04-19 01:28:06','lifeng',0,NULL,'2022-04-19 01:39:40','1','2022-04-22 01:39:41'),
(9513,'蔡筠美','13816667086','0',34,NULL,NULL,NULL,NULL,'2','0','1','2022-04-19 01:28:06','lifeng',0,NULL,NULL,'0',NULL),
(9514,'苏函钧','13816667087','0',34,NULL,NULL,NULL,NULL,'0','0','1','2022-04-19 01:28:06','lifeng',0,NULL,NULL,'0',NULL),
(9515,'昝树','13816667088','0',34,NULL,NULL,NULL,NULL,NULL,'0','1','2022-04-19 01:28:06','lifeng',0,NULL,NULL,'0',NULL),
(9516,'和凤琴','13816667089','0',34,NULL,NULL,NULL,NULL,NULL,'0','1','2022-04-19 01:28:06','lifeng',0,NULL,NULL,'0',NULL),
(9517,'胡兰钊','13816667090','0',34,NULL,NULL,NULL,NULL,'2','0','1','2022-04-19 01:28:06','lifeng',0,NULL,NULL,'0',NULL),
(9518,'花琦','13816667091','0',34,NULL,NULL,NULL,NULL,'2','0','1','2022-04-19 01:28:07','lifeng',0,NULL,NULL,'0',NULL),
(9519,'莫淇','13816667092','0',34,NULL,NULL,NULL,NULL,'2','1','1','2022-04-19 01:28:07','lifeng',0,NULL,'2022-04-19 01:39:40','1','2022-04-22 01:39:41'),
(9520,'狄德允','13816667093','0',34,NULL,NULL,NULL,NULL,'0',NULL,'1','2022-04-19 01:28:07','lifeng',0,NULL,NULL,'0',NULL),
(9521,'梅依伊','13816667094','0',34,NULL,NULL,NULL,NULL,'0','4','1','2022-04-19 01:28:07','lifeng',0,NULL,NULL,'0',NULL),
(9522,'庞瑶洁','13816667095','0',34,NULL,NULL,NULL,NULL,'0','1','1','2022-04-19 01:28:07','lifeng',0,NULL,'2022-04-19 01:39:41','1','2022-04-22 01:39:41'),
(9523,'戴纨荣','13816667096','0',34,NULL,NULL,NULL,NULL,NULL,'1','1','2022-04-19 01:28:07','lifeng',0,NULL,'2022-04-19 01:39:41','1','2022-04-22 01:39:41'),
(9524,'苏允泰','13816667097','0',34,NULL,NULL,NULL,NULL,NULL,'1','1','2022-04-19 01:28:07','lifeng',0,NULL,'2022-04-19 01:39:41','1','2022-04-22 01:39:41'),
(9525,'奚淇','13816667098','0',34,NULL,NULL,NULL,NULL,NULL,'1','1','2022-04-19 01:28:07','lifeng',0,NULL,'2022-04-19 01:39:41','1','2022-04-22 01:39:41'),
(9526,'邬婵枝','13816667099','0',34,NULL,NULL,NULL,NULL,NULL,'0','4','2022-04-19 01:28:07','lifeng',1,NULL,'2022-04-20 00:42:16','0',NULL),
(9527,'江雪珍','13816667100','0',34,NULL,NULL,NULL,NULL,'2','0','1','2022-04-19 01:28:07','lifeng',0,NULL,NULL,'0',NULL),
(9528,'贝晶露','13816667101','0',34,NULL,NULL,NULL,NULL,'2','0','4','2022-04-19 01:28:07','lifeng',1,NULL,'2022-04-20 00:43:37','0',NULL),
(9529,'万家以','13816667102','0',34,NULL,NULL,NULL,NULL,'2','0','1','2022-04-19 01:28:07','lifeng',0,NULL,NULL,'0',NULL),
(9530,'田先鸣','13816667103','0',34,NULL,NULL,NULL,NULL,'0','0','1','2022-04-19 01:28:08','lifeng',0,NULL,NULL,'0',NULL),
(9531,'康莎','13816667104','0',34,NULL,NULL,NULL,NULL,'0','0','1','2022-04-19 01:28:08','lifeng',0,NULL,NULL,'0',NULL),
(9532,'花玲','13816667105','0',34,NULL,NULL,NULL,NULL,'0','1','1','2022-04-19 01:28:08','lifeng',0,NULL,'2022-04-19 01:39:41','1','2022-04-22 01:39:41'),
(9533,'管宇航','13816667106','0',34,NULL,NULL,NULL,NULL,NULL,NULL,'1','2022-04-19 01:28:08','lifeng',0,NULL,NULL,'0',NULL),
(9534,'沈琦','13816667107','0',34,NULL,NULL,NULL,NULL,NULL,'4','1','2022-04-19 01:28:08','lifeng',0,NULL,NULL,'0',NULL),
(9535,'殷士','13816667108','0',34,NULL,NULL,NULL,NULL,'0','1','1','2022-04-19 01:28:08','lifeng',0,NULL,'2022-04-19 01:39:41','1','2022-04-22 01:39:42'),
(9536,'茅亨伯','13816667109','0',34,NULL,NULL,NULL,NULL,NULL,'1','1','2022-04-19 01:28:08','lifeng',0,NULL,'2022-04-19 01:39:41','1','2022-04-22 01:39:42'),
(9537,'水行滢','13816667110','0',34,NULL,NULL,NULL,NULL,'2','1','1','2022-04-19 01:28:08','lifeng',0,NULL,'2022-04-19 01:39:42','1','2022-04-22 01:39:42'),
(9538,'卢茗','13816667111','0',34,NULL,NULL,NULL,NULL,'2','1','1','2022-04-19 01:28:08','lifeng',0,NULL,'2022-04-19 01:39:42','1','2022-04-22 01:39:42'),
(9539,'邬奇树','13816667112','0',34,NULL,NULL,NULL,NULL,'3','0','1','2022-04-19 01:28:08','lifeng',0,NULL,NULL,'0',NULL),
(9540,'费勤岚','13816667113','0',34,NULL,NULL,NULL,NULL,NULL,'0','4','2022-04-19 01:28:08','lifeng',1,NULL,'2022-04-20 00:41:38','0',NULL),
(9541,'施宏斌','13816667114','0',34,NULL,NULL,NULL,NULL,'2','0','1','2022-04-19 01:28:09','lifeng',1,NULL,'2022-04-20 00:37:43','0','2022-04-23 00:37:44'),
(9542,'季美静','13816667115','0',35,NULL,NULL,NULL,NULL,'2','0','1','2022-04-19 01:28:09','lifeng',0,NULL,'2022-04-19 01:42:52','0','2022-04-22 01:42:52'),
(9543,'柳旭怡','13816667116','0',35,NULL,NULL,NULL,NULL,'2','0','1','2022-04-19 01:28:09','lifeng',0,NULL,NULL,'0',NULL),
(9544,'郑依芳','13816667117','0',35,NULL,NULL,NULL,NULL,'0','0','1','2022-04-19 01:28:09','lifeng',0,NULL,NULL,'0',NULL),
(9545,'柏怡秀','13816667118','0',35,NULL,NULL,NULL,NULL,NULL,'1','1','2022-04-19 01:28:09','lifeng',0,NULL,'2022-04-19 01:39:42','1','2022-04-22 01:39:42'),
(9546,'蔡晶树','13816667119','0',35,NULL,NULL,NULL,NULL,NULL,NULL,'1','2022-04-19 01:28:09','lifeng',0,NULL,NULL,'0',NULL),
(9547,'卜渊飘','13816667120','0',35,NULL,NULL,NULL,NULL,'2','4','1','2022-04-19 01:28:09','lifeng',0,NULL,NULL,'0',NULL),
(9548,'梅凡妹','13816667121','0',35,NULL,NULL,NULL,NULL,'2','1','1','2022-04-19 01:28:09','lifeng',0,NULL,'2022-04-19 01:42:44','1','2022-04-22 01:42:44'),
(9549,'雷晓辰','13816667122','0',35,NULL,NULL,NULL,NULL,'2','1','1','2022-04-19 01:28:09','lifeng',0,NULL,'2022-04-19 01:39:42','1','2022-04-22 01:39:43'),
(9550,'华雅','13816667123','0',35,NULL,NULL,NULL,NULL,'0','1','1','2022-04-19 01:28:09','lifeng',0,NULL,'2022-04-19 01:39:42','1','2022-04-22 01:39:43'),
(9551,'万莹','13816667124','0',35,NULL,NULL,NULL,NULL,'0','1','1','2022-04-19 01:28:10','lifeng',0,NULL,'2022-04-19 01:39:42','1','2022-04-22 01:39:43'),
(9552,'邱萍怡','13816667125','0',35,'0',NULL,NULL,NULL,'1','0','6','2022-04-19 01:28:10','lifeng',0,NULL,'2022-04-19 16:02:39','0',NULL),
(9553,'麻卿依','13816667126','0',35,'0',NULL,NULL,NULL,'0','0','6','2022-04-19 01:28:10','lifeng',0,NULL,'2022-04-19 16:06:14','0',NULL),
(9554,'成策秀','13816667127','0',35,'0',NULL,NULL,NULL,'1','1','2','2022-04-19 01:28:10','lifeng',0,'2022-04-21 12:00:00','2022-04-19 18:10:04','0',NULL),
(9555,'明文策','13816667128','0',35,NULL,NULL,NULL,NULL,NULL,'0','1','2022-04-19 01:28:10','lifeng',0,NULL,NULL,'0',NULL),
(9556,'谢憧','13816667129','0',35,NULL,NULL,NULL,NULL,NULL,'0','1','2022-04-19 01:28:10','lifeng',0,NULL,NULL,'0',NULL),
(9557,'支珠琬','13816667130','0',35,NULL,NULL,NULL,NULL,'2','0','1','2022-04-19 01:28:10','lifeng',0,NULL,NULL,'0',NULL),
(9558,'郑莹雨','13816667131','0',35,NULL,NULL,NULL,NULL,'2','1','1','2022-04-19 01:28:10','lifeng',0,NULL,'2022-04-19 01:39:43','1','2022-04-22 01:39:43'),
(9559,'曹维','13816667132','0',35,NULL,NULL,NULL,NULL,'2',NULL,'1','2022-04-19 01:28:10','lifeng',0,NULL,NULL,'0',NULL),
(9560,'李琛嘉','13816667133','0',35,NULL,NULL,NULL,NULL,'0','4','1','2022-04-19 01:28:10','lifeng',0,NULL,NULL,'0',NULL),
(9561,'安依晴','13816667134','0',35,NULL,NULL,NULL,NULL,'0','1','1','2022-04-19 01:28:10','lifeng',0,NULL,'2022-04-19 01:39:43','1','2022-04-22 01:39:43'),
(9562,'元馨华','13816667135','0',35,NULL,NULL,NULL,NULL,'0','1','1','2022-04-19 01:28:11','lifeng',0,NULL,'2022-04-19 01:39:43','1','2022-04-22 01:39:43'),
(9563,'于辰佩','13816667136','0',35,NULL,NULL,NULL,NULL,NULL,'1','1','2022-04-19 01:28:11','lifeng',1,NULL,'2022-04-20 00:05:48','1','2022-04-23 00:05:49'),
(9564,'喻先晴','13816667137','0',35,NULL,NULL,NULL,NULL,NULL,'1','1','2022-04-19 01:28:11','lifeng',0,NULL,'2022-04-19 01:39:43','1','2022-04-22 01:39:44'),
(9565,'葛嫣昭','13816667138','0',35,'0',NULL,NULL,NULL,'1','0','6','2022-04-19 01:28:11','lifeng',0,NULL,'2022-04-19 15:29:01','0',NULL),
(9566,'江铭晶','13816667139','0',35,'0',NULL,NULL,NULL,'0','0','6','2022-04-19 01:28:11','lifeng',0,NULL,'2022-04-19 15:29:52','0',NULL),
(9567,'和之晗','13816667140','0',35,'0',NULL,NULL,NULL,'0','0','6','2022-04-19 01:28:11','lifeng',0,NULL,'2022-04-19 15:44:53','0',NULL),
(9568,'云玉','13816667141','0',35,'0',NULL,NULL,NULL,'0','0','6','2022-04-19 01:28:11','lifeng',0,NULL,'2022-04-19 16:01:38','0',NULL),
(9569,'梅雪枝','13816667142','0',35,'0',NULL,NULL,NULL,'1','1','6','2022-04-19 01:28:11','lifeng',0,NULL,'2022-04-19 16:01:57','0',NULL),
(9570,'黄雅','13816667143','0',35,'0',NULL,NULL,NULL,'1','1','6','2022-04-19 01:28:11','lifeng',0,NULL,'2022-04-19 15:29:32','0',NULL),
(9571,'酆泰冠','13816667144','0',35,NULL,NULL,NULL,NULL,'2','1','1','2022-04-19 01:28:11','lifeng',0,NULL,'2022-04-19 01:39:43','1','2022-04-22 01:39:44'),
(9572,'祝青','13816667145','0',35,NULL,NULL,NULL,NULL,'2',NULL,'1','2022-04-19 01:28:11','lifeng',0,NULL,NULL,'0',NULL),
(9573,'罗姣露','13816667146','0',35,NULL,NULL,NULL,NULL,'2','4','1','2022-04-19 01:28:11','lifeng',0,NULL,NULL,'0',NULL),
(9574,'谢瑾','13816667147','0',35,NULL,NULL,NULL,NULL,'0','1','1','2022-04-19 01:28:11','lifeng',0,NULL,'2022-04-19 01:39:44','1','2022-04-22 01:39:44'),
(9575,'颜霭竹','13816667148','0',35,NULL,NULL,NULL,NULL,NULL,'1','1','2022-04-19 01:28:12','lifeng',0,NULL,'2022-04-19 01:39:44','1','2022-04-22 01:39:44'),
(9576,'马娴','13816667149','0',35,NULL,NULL,NULL,NULL,NULL,'1','1','2022-04-19 01:28:12','lifeng',0,NULL,'2022-04-19 01:39:44','1','2022-04-22 01:39:44'),
(9577,'郎芳','13816667150','0',35,NULL,NULL,NULL,NULL,'2','1','1','2022-04-19 01:28:12','lifeng',0,NULL,'2022-04-19 01:39:44','1','2022-04-22 01:39:45'),
(9578,'高怡','13816667151','0',35,NULL,NULL,NULL,NULL,'2','0','6','2022-04-19 01:28:12','lifeng',0,NULL,'2022-04-19 15:18:05','0',NULL),
(9579,'翰丽','13816667152','0',35,'0',NULL,NULL,NULL,'0','0','6','2022-04-19 01:28:12','lifeng',0,NULL,'2022-04-19 15:18:18','0',NULL),
(9580,'邱丽宁','13816667153','0',35,NULL,NULL,NULL,NULL,'0','0','6','2022-04-19 01:28:12','lifeng',0,NULL,'2022-04-19 15:27:27','0',NULL),
(9581,'安瑛毓','13816667154','0',35,'0',NULL,NULL,NULL,'1','1','6','2022-04-19 01:28:12','lifeng',0,NULL,'2022-04-19 15:27:09','0',NULL),
(9582,'薛纯','13816667155','0',35,'0',NULL,NULL,NULL,'0','1','6','2022-04-19 01:28:12','lifeng',0,NULL,'2022-04-19 15:28:48','0',NULL),
(9583,'吴芸','13816667156','0',35,'0',NULL,NULL,NULL,'0','1','6','2022-04-19 01:28:12','lifeng',0,NULL,'2022-04-19 15:26:48','0',NULL),
(9584,'冯澜','13816667157','0',35,NULL,NULL,NULL,NULL,NULL,'1','1','2022-04-19 01:28:13','lifeng',0,NULL,'2022-04-19 01:39:44','1','2022-04-22 01:39:45'),
(9585,'贺奇克','13816667158','0',35,'0',25,NULL,NULL,'0','0','6','2022-04-19 01:28:13','lifeng',0,NULL,'2022-04-19 09:17:25','0','2022-04-22 01:28:40'),
(9586,'冯琴炎','13816667159','0',35,NULL,NULL,NULL,NULL,NULL,'4','6','2022-04-19 01:28:13','lifeng',0,NULL,'2022-04-19 15:17:32','0','2022-04-22 01:28:47'),
(9587,'明婷','13816667160','0',35,NULL,NULL,NULL,NULL,'2','1','1','2022-04-19 01:28:13','lifeng',1,NULL,'2022-04-20 00:06:30','1','2022-04-23 00:06:30'),
(9588,'路园纨','13816667161','0',35,NULL,NULL,NULL,NULL,'2','1','1','2022-04-19 01:28:13','lifeng',0,NULL,'2022-04-19 01:42:30','1','2022-04-22 01:42:30'),
(9589,'郝翔岚','13816667162','0',35,NULL,NULL,NULL,NULL,'2','1','1','2022-04-19 01:28:13','lifeng',0,NULL,'2022-04-19 01:39:45','1','2022-04-22 01:39:45'),
(9590,'沈盛希','13816667163','0',35,NULL,NULL,NULL,NULL,'0','1','1','2022-04-19 01:28:13','lifeng',0,NULL,'2022-04-19 01:42:35','1','2022-04-22 01:42:36'),
(9591,'郎蓉涵','13816667164','0',35,'0',NULL,NULL,NULL,'0','1','6','2022-04-19 01:28:13','lifeng',0,NULL,'2022-04-19 15:17:49','0',NULL),
(9592,'于文瑛','13816667165','0',35,NULL,NULL,NULL,NULL,'0','0','6','2022-04-19 01:28:13','lifeng',0,NULL,'2022-04-19 15:17:56','0',NULL),
(9593,'潘宇黛','13816667166','0',35,NULL,NULL,NULL,NULL,NULL,'0','6','2022-04-19 01:28:13','lifeng',0,NULL,'2022-04-19 15:18:00','0',NULL),
(9594,'卜锦泓','13816667167','0',35,NULL,NULL,NULL,NULL,NULL,'0','1','2022-04-19 01:28:14','lifeng',1,NULL,'2022-04-19 23:45:45','0','2022-04-22 23:45:46'),
(9595,'秦伊','13816667168','0',35,'0',NULL,NULL,NULL,'1','1','6','2022-04-19 01:28:14','lifeng',0,NULL,'2022-04-19 15:17:24','0',NULL),
(9596,'卜梁瑾','13816667275','1',45,NULL,NULL,NULL,NULL,'0','3','1','2022-04-20 00:17:43','lifeng',0,NULL,NULL,'0',NULL),
(9597,'雷梦丹','13816667276','1',45,NULL,NULL,NULL,NULL,NULL,'4','1','2022-04-20 00:17:43','lifeng',0,NULL,NULL,'0',NULL),
(9598,'葛凡琴','13816667277','1',45,NULL,NULL,NULL,NULL,NULL,'2','1','2022-04-20 00:17:43','lifeng',0,NULL,NULL,'0',NULL),
(9599,'汤馨文','13816667278','1',45,NULL,NULL,NULL,NULL,NULL,NULL,'1','2022-04-20 00:17:43','lifeng',0,NULL,NULL,'0',NULL),
(9600,'明飘钊','13816667279','1',45,NULL,NULL,NULL,NULL,NULL,'6','1','2022-04-20 00:17:43','lifeng',0,NULL,NULL,'0',NULL),
(9601,'卫源婕','13816667280','1',45,NULL,NULL,NULL,NULL,'2','7','1','2022-04-20 00:17:43','lifeng',0,NULL,NULL,'0',NULL),
(9602,'汤镇','13816667281','1',45,NULL,NULL,NULL,NULL,'2','0','1','2022-04-20 00:17:43','lifeng',0,NULL,NULL,'0',NULL),
(9603,'潘洁冰','13816667282','1',45,NULL,NULL,NULL,NULL,'2','0','1','2022-04-20 00:17:43','lifeng',0,NULL,NULL,'0',NULL),
(9604,'柯巧','13816667283','1',45,NULL,NULL,NULL,NULL,'0','0','1','2022-04-20 00:17:43','lifeng',0,NULL,NULL,'0',NULL),
(9605,'祁琴冠','13816667284','1',45,NULL,NULL,NULL,NULL,'0','0','1','2022-04-20 00:17:43','lifeng',0,NULL,NULL,'0',NULL),
(9606,'云娟建','13816667285','1',45,NULL,NULL,NULL,NULL,'0','0','1','2022-04-20 00:17:43','lifeng',0,NULL,NULL,'0',NULL),
(9607,'孟秀','13816667286','1',45,NULL,NULL,NULL,NULL,NULL,'0','1','2022-04-20 00:17:43','lifeng',0,NULL,NULL,'0',NULL),
(9608,'陶媛','13816667287','1',45,NULL,NULL,NULL,NULL,NULL,'1','1','2022-04-20 00:17:44','lifeng',0,NULL,NULL,'0',NULL),
(9609,'雷梦舒','13816667288','1',45,NULL,NULL,NULL,NULL,'0','3','1','2022-04-20 00:17:44','lifeng',0,NULL,NULL,'0',NULL),
(9610,'卜克芸','13816667289','1',45,NULL,NULL,NULL,NULL,NULL,'4','1','2022-04-20 00:17:44','lifeng',0,NULL,NULL,'0',NULL),
(9611,'成鸣莹','13816667290','1',45,NULL,NULL,NULL,NULL,'2','2','1','2022-04-20 00:17:44','lifeng',0,NULL,NULL,'0',NULL),
(9612,'蔡芳','13816667291','1',45,NULL,NULL,NULL,NULL,'2',NULL,'1','2022-04-20 00:17:44','lifeng',0,NULL,NULL,'0',NULL),
(9613,'安欣荔','13816667292','1',45,NULL,NULL,NULL,NULL,'3','6','1','2022-04-20 00:17:44','lifeng',0,NULL,NULL,'0',NULL),
(9614,'严育珊','13816667293','1',45,NULL,NULL,NULL,NULL,NULL,'7','1','2022-04-20 00:17:44','lifeng',0,NULL,NULL,'0',NULL),
(9615,'颜妍宜','13816667294','1',45,NULL,NULL,NULL,NULL,'2','0','1','2022-04-20 00:17:44','lifeng',0,NULL,NULL,'0',NULL),
(9616,'尤蕊荣','13816667295','1',45,NULL,NULL,NULL,NULL,'2','0','1','2022-04-20 00:17:45','lifeng',0,NULL,NULL,'0',NULL),
(9617,'鲍若','13816667296','1',45,NULL,NULL,NULL,NULL,'2','0','4','2022-04-20 00:17:45','lifeng',1,NULL,'2022-04-20 00:43:20','0',NULL),
(9618,'任英岚','13816667297','1',45,NULL,NULL,NULL,NULL,'0','0','4','2022-04-20 00:17:45','lifeng',1,NULL,'2022-04-20 00:43:12','0',NULL),
(9619,'齐宜琴','13816667298','1',45,NULL,NULL,NULL,NULL,NULL,'0','4','2022-04-20 00:17:45','lifeng',1,NULL,'2022-04-20 00:42:02','0',NULL),
(9620,'臧仪','13816667299','1',45,NULL,NULL,NULL,NULL,NULL,'0','1','2022-04-20 00:17:45','lifeng',0,NULL,NULL,'0',NULL),
(9621,'俞娜','13816667300','1',45,NULL,NULL,NULL,NULL,'2','1','1','2022-04-20 00:17:45','lifeng',0,NULL,NULL,'0',NULL),
(9622,'邬瑛茗','13816667301','1',45,NULL,NULL,NULL,NULL,'2','3','1','2022-04-20 00:17:45','lifeng',0,NULL,NULL,'0',NULL),
(9623,'夏琳华','13816667302','1',45,NULL,NULL,NULL,NULL,'2','4','1','2022-04-20 00:17:45','lifeng',0,NULL,NULL,'0',NULL),
(9624,'庞一','13816667303','1',45,NULL,NULL,NULL,NULL,'0','2','1','2022-04-20 00:17:45','lifeng',0,NULL,NULL,'0',NULL),
(9625,'孙秀云','13816667304','1',45,NULL,NULL,NULL,NULL,'0',NULL,'1','2022-04-20 00:17:45','lifeng',0,NULL,NULL,'0',NULL),
(9626,'李荔滢','13816667305','1',45,NULL,NULL,NULL,NULL,'0','6','1','2022-04-20 00:17:45','lifeng',0,NULL,NULL,'0',NULL),
(9627,'黄悦','13816667306','1',45,NULL,NULL,NULL,NULL,NULL,'7','1','2022-04-20 00:17:45','lifeng',0,NULL,NULL,'0',NULL),
(9628,'安芳朋','13816667307','1',45,NULL,NULL,NULL,NULL,NULL,'0','1','2022-04-20 00:17:45','lifeng',0,NULL,NULL,'0',NULL),
(9629,'伍可','13816667308','1',45,NULL,NULL,NULL,NULL,NULL,'0','1','2022-04-20 00:17:45','lifeng',0,NULL,NULL,'0',NULL),
(9630,'庞婷弘','13816667309','1',45,NULL,NULL,NULL,NULL,NULL,'0','1','2022-04-20 00:17:45','lifeng',0,NULL,NULL,'0',NULL),
(9631,'邱文','13816667310','1',45,NULL,NULL,NULL,NULL,'2','0','1','2022-04-20 00:17:45','lifeng',0,NULL,NULL,'0',NULL),
(9632,'吕淇琴','13816667311','1',45,NULL,NULL,NULL,NULL,'2','0','1','2022-04-20 00:17:45','lifeng',0,NULL,NULL,'0',NULL),
(9633,'汤丽','13816667312','1',45,NULL,NULL,NULL,NULL,'2','0','4','2022-04-20 00:17:46','lifeng',1,NULL,'2022-04-20 00:41:22','0',NULL),
(9634,'季云','13816667313','1',45,NULL,NULL,NULL,NULL,'0','1','1','2022-04-20 00:17:46','lifeng',0,NULL,NULL,'0',NULL),
(9635,'廉美真','13816667314','1',45,NULL,NULL,NULL,NULL,'0','3','1','2022-04-20 00:17:46','lifeng',0,NULL,NULL,'0',NULL),
(9636,'邱兰雪','13816667315','1',45,NULL,NULL,NULL,NULL,'0','4','1','2022-04-20 00:17:46','lifeng',0,NULL,NULL,'0',NULL),
(9637,'尤韵姣','13816667316','1',45,NULL,NULL,NULL,NULL,NULL,'2','1','2022-04-20 00:17:46','lifeng',0,NULL,NULL,'0',NULL),
(9638,'云灵依','13816667317','1',45,NULL,NULL,NULL,NULL,NULL,NULL,'1','2022-04-20 00:17:46','lifeng',0,NULL,NULL,'0',NULL),
(9639,'昌行瑶','13816667318','1',45,NULL,NULL,NULL,NULL,'0','6','1','2022-04-20 00:17:46','lifeng',0,NULL,NULL,'0',NULL),
(9640,'滕毓佩','13816667319','1',45,NULL,NULL,NULL,NULL,NULL,'7','1','2022-04-20 00:17:46','lifeng',0,NULL,NULL,'0',NULL),
(9641,'盛荷浩','13816667320','1',45,NULL,NULL,NULL,NULL,'2','0','1','2022-04-20 00:17:46','lifeng',0,NULL,NULL,'0',NULL),
(9642,'姜卿怡','13816667321','1',45,NULL,NULL,NULL,NULL,'2','0','4','2022-04-20 00:17:46','lifeng',1,NULL,'2022-04-20 00:42:33','0',NULL),
(9643,'凤翔','13816667322','1',45,NULL,NULL,NULL,NULL,'3','0','1','2022-04-20 00:17:46','lifeng',0,NULL,NULL,'0',NULL),
(9644,'喻凤妍','13816667323','1',45,NULL,NULL,NULL,NULL,NULL,'0','4','2022-04-20 00:17:46','lifeng',1,NULL,'2022-04-20 00:40:56','0',NULL),
(9645,'湛若','13816667324','1',45,NULL,NULL,NULL,NULL,'2','0','1','2022-04-20 00:17:46','lifeng',0,NULL,NULL,'0',NULL),
(9646,'禹琴冠','13816667325','1',45,NULL,NULL,NULL,NULL,'2','0','4','2022-04-20 00:17:46','lifeng',1,NULL,'2022-04-20 00:41:14','0',NULL),
(9647,'卢园巧','13816667326','1',45,NULL,NULL,NULL,NULL,'2','1','1','2022-04-20 00:17:46','lifeng',0,NULL,NULL,'0',NULL),
(9648,'卫颖梦','13816667327','1',45,NULL,NULL,NULL,NULL,'0','3','1','2022-04-20 00:17:46','lifeng',0,NULL,NULL,'0',NULL),
(9649,'戚文','13816667328','1',45,NULL,NULL,NULL,NULL,NULL,'4','1','2022-04-20 00:17:46','lifeng',0,NULL,NULL,'0',NULL),
(9650,'危慧晗','13816667329','1',45,NULL,NULL,NULL,NULL,NULL,'2','1','2022-04-20 00:17:47','lifeng',0,NULL,NULL,'0',NULL),
(9651,'纪淇','13816667330','1',45,NULL,NULL,NULL,NULL,'2',NULL,'1','2022-04-20 00:17:47','lifeng',0,NULL,NULL,'0',NULL),
(9652,'于蓉瑶','13816667331','1',45,NULL,NULL,NULL,NULL,'2','6','1','2022-04-20 00:17:47','lifeng',0,NULL,NULL,'0',NULL),
(9653,'贺鹏秋','13816667332','1',45,NULL,NULL,NULL,NULL,'2','7','1','2022-04-20 00:17:47','lifeng',0,NULL,NULL,'0',NULL),
(9654,'徐宏','13816667333','1',45,NULL,NULL,NULL,NULL,'0','0','1','2022-04-20 00:17:47','lifeng',0,NULL,NULL,'0',NULL),
(9655,'皮秋','13816667334','1',45,NULL,NULL,NULL,NULL,'0','0','1','2022-04-20 00:17:47','lifeng',0,NULL,NULL,'0',NULL),
(9656,'任娟美','13816667335','1',45,NULL,NULL,NULL,NULL,'0','0','4','2022-04-20 00:17:47','lifeng',1,NULL,'2022-04-20 00:40:06','0',NULL),
(9657,'罗镇','13816667336','1',45,NULL,NULL,NULL,NULL,NULL,'0','1','2022-04-20 00:17:47','lifeng',0,NULL,NULL,'0',NULL),
(9658,'苗韵锦','13816667337','1',45,NULL,NULL,NULL,NULL,NULL,'0','4','2022-04-20 00:17:47','lifeng',1,NULL,'2022-04-20 00:41:30','0',NULL),
(9659,'江丽娅','13816667338','1',45,NULL,NULL,NULL,NULL,NULL,'0','1','2022-04-20 00:17:47','lifeng',0,NULL,NULL,'0',NULL),
(9660,'伏薇娅','13816667339','1',45,NULL,NULL,NULL,NULL,NULL,'1','1','2022-04-20 00:17:47','lifeng',0,NULL,NULL,'0',NULL),
(9661,'尹菲钧','13816667340','1',45,NULL,NULL,NULL,NULL,'2','3','1','2022-04-20 00:17:47','lifeng',0,NULL,NULL,'0',NULL),
(9662,'王莉辰','13816667341','1',45,NULL,NULL,NULL,NULL,'2','4','1','2022-04-20 00:17:47','lifeng',0,NULL,NULL,'0',NULL),
(9663,'米丽依','13816667342','1',45,NULL,NULL,NULL,NULL,'2','2','1','2022-04-20 00:17:47','lifeng',0,NULL,NULL,'0',NULL),
(9664,'汤纯嘉','13816667343','1',45,NULL,NULL,NULL,NULL,'0',NULL,'1','2022-04-20 00:17:47','lifeng',0,NULL,NULL,'0',NULL),
(9665,'蓝元','13816667344','1',45,NULL,NULL,NULL,NULL,'0','6','1','2022-04-20 00:17:47','lifeng',0,NULL,NULL,'0',NULL),
(9666,'马希钧','13816667345','1',45,NULL,NULL,NULL,NULL,'0','7','1','2022-04-20 00:17:47','lifeng',0,NULL,NULL,'0',NULL),
(9667,'骆馨楠','13816667346','1',45,NULL,NULL,NULL,NULL,NULL,'0','1','2022-04-20 00:17:47','lifeng',0,NULL,NULL,'0',NULL),
(9668,'万玉时','13816667347','1',45,NULL,NULL,NULL,NULL,NULL,'0','4','2022-04-20 00:17:47','lifeng',1,NULL,'2022-04-20 00:40:15','0',NULL),
(9669,'水丽吉','13816667348','1',45,NULL,NULL,NULL,NULL,'0','0','4','2022-04-20 00:17:48','lifeng',1,NULL,'2022-04-20 00:42:50','0',NULL),
(9670,'苗英怡','13816667349','1',45,NULL,NULL,NULL,NULL,NULL,'0','1','2022-04-20 00:17:48','lifeng',0,NULL,NULL,'0',NULL),
(9671,'倪寒泽','13816667350','1',45,NULL,NULL,NULL,NULL,'2','0','1','2022-04-20 00:17:48','lifeng',0,NULL,NULL,'0',NULL),
(9672,'酆夕伦','13816667351','1',45,NULL,NULL,NULL,NULL,'2','0','1','2022-04-20 00:17:48','lifeng',0,NULL,NULL,'0',NULL),
(9673,'酆凡','13816667352','1',45,NULL,NULL,NULL,NULL,'3','1','1','2022-04-20 00:17:48','lifeng',0,NULL,NULL,'0',NULL),
(9674,'林晨朗','13816667353','1',45,NULL,NULL,NULL,NULL,NULL,'3','1','2022-04-20 00:17:48','lifeng',0,NULL,NULL,'0',NULL),
(9675,'乐芝','13816667354','1',45,NULL,NULL,NULL,NULL,'2','4','1','2022-04-20 00:17:48','lifeng',0,NULL,NULL,'0',NULL),
(9676,'管彤','13816667355','1',45,NULL,NULL,NULL,NULL,'2','2','1','2022-04-20 00:17:48','lifeng',0,NULL,NULL,'0',NULL),
(9677,'祁倩','13816667356','1',45,NULL,NULL,NULL,NULL,'2',NULL,'1','2022-04-20 00:17:48','lifeng',0,NULL,NULL,'0',NULL),
(9678,'戚茜珍','13816667357','1',45,NULL,NULL,NULL,NULL,'0','6','1','2022-04-20 00:17:48','lifeng',0,NULL,NULL,'0',NULL),
(9679,'魏惠若','13816667358','1',45,NULL,NULL,NULL,NULL,NULL,'7','1','2022-04-20 00:17:48','lifeng',0,NULL,NULL,'0',NULL),
(9680,'娄婵茹','13816667359','1',45,NULL,NULL,NULL,NULL,NULL,'0','1','2022-04-20 00:17:48','lifeng',0,NULL,NULL,'0',NULL),
(9681,'席滢','13816667360','1',45,NULL,NULL,NULL,NULL,'2','0','1','2022-04-20 00:17:48','lifeng',0,NULL,NULL,'0',NULL),
(9682,'尤竹','13816667361','1',45,NULL,NULL,NULL,NULL,'2','0','1','2022-04-20 00:17:48','lifeng',0,NULL,NULL,'0',NULL),
(9683,'秦勤浩','13816667362','1',45,NULL,NULL,NULL,NULL,'2','0','1','2022-04-20 00:17:48','lifeng',0,NULL,NULL,'0',NULL),
(9684,'王宇榕','13816667363','1',45,NULL,NULL,NULL,NULL,'0','0','1','2022-04-20 00:17:48','lifeng',0,NULL,NULL,'0',NULL),
(9685,'姜丽灵','13816667364','1',45,NULL,NULL,NULL,NULL,'0','0','1','2022-04-20 00:17:48','lifeng',0,NULL,NULL,'0',NULL),
(9686,'花子佳','13816667365','1',45,NULL,NULL,NULL,NULL,'0','1','1','2022-04-20 00:17:49','lifeng',0,NULL,NULL,'0',NULL),
(9687,'柳雁瑛','13816667366','1',45,NULL,NULL,NULL,NULL,NULL,'3','1','2022-04-20 00:17:49','lifeng',0,NULL,NULL,'0',NULL),
(9688,'孟鹏允','13816667367','1',45,NULL,NULL,NULL,NULL,NULL,'4','1','2022-04-20 00:17:49','lifeng',0,NULL,NULL,'0',NULL),
(9689,'梁霭清','13816667368','1',45,NULL,NULL,NULL,NULL,NULL,'2','1','2022-04-20 00:17:49','lifeng',0,NULL,NULL,'0',NULL),
(9690,'云娅','13816667369','1',45,NULL,NULL,NULL,NULL,NULL,NULL,'1','2022-04-20 00:17:49','lifeng',0,NULL,NULL,'0',NULL),
(9691,'邬瑞慧','13816667370','1',45,NULL,NULL,NULL,NULL,'2','6','1','2022-04-20 00:17:49','lifeng',0,NULL,NULL,'0',NULL),
(9692,'邵建瑾','13816667371','1',45,NULL,NULL,NULL,NULL,'2','7','1','2022-04-20 00:17:49','lifeng',0,NULL,NULL,'0',NULL),
(9693,'郎旭奕','13816667372','1',45,NULL,NULL,NULL,NULL,'2','0','1','2022-04-20 00:17:49','lifeng',0,NULL,NULL,'0',NULL),
(9694,'霍叶清','13816667373','1',45,NULL,NULL,NULL,NULL,'0','0','1','2022-04-20 00:17:49','lifeng',0,NULL,NULL,'0',NULL),
(9695,'穆昭青','13816667374','1',45,NULL,NULL,NULL,NULL,'0','0','4','2022-04-20 00:17:49','lifeng',1,NULL,'2022-04-20 00:40:37','0',NULL),
(9696,'郝镇','13816667375','1',45,NULL,NULL,NULL,NULL,'0','0','4','2022-04-20 00:17:49','lifeng',1,NULL,'2022-04-20 00:40:45','0',NULL),
(9697,'倪娟悦','13816667376','1',45,NULL,NULL,NULL,NULL,NULL,'0','4','2022-04-20 00:17:49','lifeng',1,NULL,'2022-04-20 00:42:08','0',NULL),
(9698,'华柏悦','13816667377','1',45,NULL,NULL,NULL,NULL,NULL,'0','1','2022-04-20 00:17:49','lifeng',0,NULL,NULL,'0',NULL),
(9699,'时源艺','13816667378','1',45,NULL,NULL,NULL,NULL,'0','1','1','2022-04-20 00:17:49','lifeng',0,NULL,NULL,'0',NULL);

/*Table structure for table `tb_contract` */

DROP TABLE IF EXISTS `tb_contract`;

CREATE TABLE `tb_contract` (
  `id` varchar(64) CHARACTER SET utf8 COLLATE utf8_bin NOT NULL COMMENT '合同id',
  `phone` varchar(13) CHARACTER SET utf8 COLLATE utf8_bin DEFAULT NULL COMMENT '手机号',
  `contract_no` varchar(64) CHARACTER SET utf8 COLLATE utf8_bin DEFAULT NULL COMMENT '合同编号',
  `name` varchar(64) CHARACTER SET utf8 COLLATE utf8_bin NOT NULL COMMENT '客户姓名',
  `subject` char(1) CHARACTER SET utf8 COLLATE utf8_bin DEFAULT NULL COMMENT '意向学科',
  `activity_id` bigint DEFAULT NULL COMMENT '活动id',
  `activity_name` varchar(255) CHARACTER SET utf8 COLLATE utf8_bin DEFAULT NULL COMMENT '活动名称',
  `course_id` bigint DEFAULT NULL COMMENT '课程id',
  `course_name` varchar(255) CHARACTER SET utf8 COLLATE utf8_bin DEFAULT NULL COMMENT '课程名称',
  `channel` char(1) CHARACTER SET utf8 COLLATE utf8_bin DEFAULT NULL,
  `status` char(1) CHARACTER SET utf8 COLLATE utf8_bin DEFAULT '1' COMMENT '状态(待审核1，已通过2，已驳回3 全部完成4)',
  `create_by` varchar(64) CHARACTER SET utf8 COLLATE utf8_bin DEFAULT NULL COMMENT '创建人',
  `dept_id` bigint DEFAULT NULL,
  `create_time` timestamp NULL DEFAULT NULL COMMENT '创建时间',
  `file_name` varchar(512) CHARACTER SET utf8 COLLATE utf8_bin DEFAULT NULL COMMENT '文件名称',
  `contract_order` float DEFAULT NULL COMMENT '订单价格',
  `discount_type` varchar(64) CHARACTER SET utf8 COLLATE utf8_bin DEFAULT NULL COMMENT '折扣类型',
  `course_price` float DEFAULT NULL COMMENT '课程价格',
  `process_instance_id` varchar(64) CHARACTER SET utf8 COLLATE utf8_bin DEFAULT NULL,
  `business_id` bigint DEFAULT NULL,
  PRIMARY KEY (`id`)
) ENGINE=InnoDB DEFAULT CHARSET=utf8 COLLATE=utf8_bin COMMENT='合同';

/*Data for the table `tb_contract` */

insert  into `tb_contract`(`id`,`phone`,`contract_no`,`name`,`subject`,`activity_id`,`activity_name`,`course_id`,`course_name`,`channel`,`status`,`create_by`,`dept_id`,`create_time`,`file_name`,`contract_order`,`discount_type`,`course_price`,`process_instance_id`,`business_id`) values 
('69596443920499','15121212121','HTBH00001','张益达','0',110,NULL,50,NULL,'0','4','lifeng',214,'2022-04-19 10:30:46','/huike-crm/2022/04/19/50aa791da4ee471ca43b45d370cdd768.pdf',8.5,'课程折扣',10,NULL,NULL),
('86959128252300','13816667152','HTBH1234','翰丽','0',35,NULL,51,NULL,'0','4','lisi',216,'2022-04-19 15:20:08','/huike-crm/2022/04/19/3304f6c3aed64cc4914a0eb67aadf7e1.pdf',150,'课程折扣',5000,NULL,3436),
('87122843020000','13512345678','HTBH122','涨大盘','0',NULL,NULL,51,NULL,NULL,'4','lisi',216,'2022-04-19 15:22:52','/huike-crm/2022/04/19/a6d7bf65c3b34309ae28ed37321a1eed.pdf',5000,'无',5000,NULL,NULL),
('87184667306500','13212345665','HTBH121','张大鹏','1',NULL,NULL,47,NULL,'0','4','lisi',216,'2022-04-19 15:23:53','/huike-crm/2022/04/19/4a97e70fe85e4b0fa887195efa84b82f.pdf',1888,'无',1888,NULL,NULL),
('87282214157700','13816667151','HTBH199','高怡','0',35,NULL,51,NULL,'0','4','lisi',216,'2022-04-19 15:25:31','/huike-crm/2022/04/19/55619d086d4b4135917631ba8b3f5095.pdf',150,'课程折扣',5000,NULL,3435);

/*Table structure for table `tb_course` */

DROP TABLE IF EXISTS `tb_course`;

CREATE TABLE `tb_course` (
  `id` bigint NOT NULL AUTO_INCREMENT COMMENT '课程id',
  `code` varchar(32) CHARACTER SET utf8 COLLATE utf8_bin DEFAULT NULL,
  `name` varchar(64) CHARACTER SET utf8 COLLATE utf8_bin DEFAULT NULL COMMENT '名称',
  `subject` char(1) CHARACTER SET utf8 COLLATE utf8_bin DEFAULT NULL COMMENT '学科',
  `price` int DEFAULT NULL COMMENT '浠锋牸',
  `applicable_person` char(1) CHARACTER SET utf8 COLLATE utf8_bin DEFAULT NULL,
  `info` varchar(255) CHARACTER SET utf8 COLLATE utf8_bin DEFAULT NULL COMMENT '课程描述信息',
  `create_time` timestamp NULL DEFAULT NULL,
  `is_delete` int NOT NULL DEFAULT '0' COMMENT '是否删除 1 是',
  PRIMARY KEY (`id`)
) ENGINE=InnoDB AUTO_INCREMENT=52 DEFAULT CHARSET=utf8 COLLATE=utf8_bin COMMENT='课程管理';

/*Data for the table `tb_course` */

insert  into `tb_course`(`id`,`code`,`name`,`subject`,`price`,`applicable_person`,`info`,`create_time`,`is_delete`) values 
(11,'18fe4ivq','UI','1',1000,'2','前端ui','2021-05-14 18:31:23',0),
(12,'w1stlu2x','前端课','1',1111,'1','前端入门课程','2021-05-19 17:26:03',0),
(15,'c1yf5xyo','这是UI设计的课程啊','9',99999,'2','UI设计学科','2021-05-19 17:56:38',0),
(16,'2tsayypg','产品惊了的课程','8',3333,'2','产品从无到有','2021-05-19 17:58:50',0),
(17,'ulfcqgtz','大数据','3',2220,'2','大数据正在走进你','2021-05-19 18:01:56',0),
(18,'l3v9o7hp','Python','4',4399,'1','编程语言的希望','2021-05-19 18:02:11',0),
(19,'gczn6949','测试','6',2333,'2','从需求入手','2021-05-19 18:02:24',0),
(20,'2dwlh4wa','新媒体','7',1299,'1','新媒体运营','2021-05-19 18:02:42',0),
(21,'behkx8cj','测试学科','6',1399,'2','从黑盒到白盒','2021-05-19 18:02:56',0),
(23,'86n74nj8','前端中级','1',33,'1','中级前端必学课','2021-05-19 18:03:20',1),
(25,'4kjnb3n3','主管课程1','0',3333,'1','11212111111222222222','2021-05-20 00:42:06',1),
(28,'y8c6n6zy','Java进阶课程','0',8000,'1','进阶高级开发你就差一步','2021-05-20 19:12:12',0),
(30,'9qd138kq','初级Java','0',10000,'1','初级Java从小白开始','2021-06-02 18:19:58',0),
(31,'99vhgujw','Java基础班','0',10001,'2','基础班','2021-06-02 18:22:21',0),
(32,'1bxepowu','Java从小白到大神','0',10005,'1','从小白到大神的进阶之路','2021-06-02 18:24:45',0),
(37,'sd2e9xow','UI设计课程新课程','9',99999,'1','UI设计课程新课程','2021-06-03 17:29:24',0),
(38,'vnezu9st','人工智能6月','2',3999,'2','人工智能6月','2021-06-03 17:38:42',0),
(39,'3vssua42','UI课程一','9',99999,'1','文强文强文强为请问请问','2021-06-03 17:57:35',0),
(40,'pddu2qcz','新媒体测试','7',1888,'1','新媒体测试新媒体测试','2021-07-15 23:05:50',0),
(44,'vk25iaol','中级测试','6',5555,'2','','2021-11-05 22:20:22',1),
(45,'h9cga9c3','高级测试','6',88888,'2',NULL,'2021-11-06 01:05:50',1),
(46,'9h9oqstg','UI设计快人一步','9',88888,'1','小白快速上手完成独立完成任务','2021-11-08 22:28:21',0),
(47,'96u9u5mv','高级前端课程','1',1888,'2','高级前端课程','2021-11-10 13:56:44',0),
(48,'p7m47cko','Java高级课程','0',9999,'2','Java高级课程','2021-11-15 14:58:37',0),
(50,'b8w71sfy','JAVASE','0',10,'1','适用于0基础人群的java基础课程','2021-11-23 17:20:41',0),
(51,'9gozk4jz','JAVAEE','0',5000,'2','javaWEB开发','2021-11-23 17:32:51',0);

/*Table structure for table `tb_rule_pool` */

DROP TABLE IF EXISTS `tb_rule_pool`;

CREATE TABLE `tb_rule_pool` (
  `id` bigint NOT NULL AUTO_INCREMENT COMMENT '线程池规则',
  `limit_time` int DEFAULT NULL COMMENT '回收时限',
  `limit_time_type` char(1) CHARACTER SET utf8 COLLATE utf8_bin DEFAULT NULL COMMENT '回收时限字典',
  `warn_time` int DEFAULT NULL COMMENT '警告时间',
  `warn_time_type` char(1) CHARACTER SET utf8 COLLATE utf8_bin DEFAULT NULL COMMENT '警告时间字典单位类型',
  `repeat_get_time` int DEFAULT NULL COMMENT '重复捞取时间',
  `repeat_type` char(1) CHARACTER SET utf8 COLLATE utf8_bin DEFAULT NULL COMMENT '重复捞取时间字典',
  `max_nunmber` int DEFAULT NULL COMMENT '最大保有量',
  `type` char(1) CHARACTER SET utf8 COLLATE utf8_bin DEFAULT '0' COMMENT '0 线索 1 商机',
  PRIMARY KEY (`id`)
) ENGINE=InnoDB AUTO_INCREMENT=3 DEFAULT CHARSET=utf8 COLLATE=utf8_bin COMMENT='线索池规则';

/*Data for the table `tb_rule_pool` */

insert  into `tb_rule_pool`(`id`,`limit_time`,`limit_time_type`,`warn_time`,`warn_time_type`,`repeat_get_time`,`repeat_type`,`max_nunmber`,`type`) values 
(1,3,'1',1,'0',0,'1',30,'0'),
(2,3,'0',1,'0',1,'1',30,'1');

/*!40101 SET SQL_MODE=@OLD_SQL_MODE */;
/*!40014 SET FOREIGN_KEY_CHECKS=@OLD_FOREIGN_KEY_CHECKS */;
/*!40014 SET UNIQUE_CHECKS=@OLD_UNIQUE_CHECKS */;
/*!40111 SET SQL_NOTES=@OLD_SQL_NOTES */;
